URL,89,91,Incident Region,Date of Incident,Incubation Period,Deaths (Confirmed),Cases (Confirmed),CFR,R0 (Basic reproduction number),Serial Interval,Latent period,Infectious period,Duration of Symptoms,Onset to Confirmation Time,Transmission Period,Transmission rate (days^-1),Proportion of Asymptomatic Infections,Generation time,Lifetime infective,R (Instantaneous reproductive number),RE (Effective Reproduction Number),Doubling time,Contact rate,Vaccination rate,Attack Rate,Mortality rate,Time to recovery,Time to Death Post-Infection,Time to Hospitalization,Time spent in Hospital,Reporting rate,Identification rate,Onset rate,Removal rate,Fraction of infected hospitalized,Proportion of hospitalized cases,Incidence Rate,Setting,Location First Detected,Date First Detected,Date First Detected in Humans,Number of Countries with Human Infections,Vectors,Reservoirs,Other Infected Hosts,Incident Region (merge),Date of publishing,Notes,Full-text (Copyright)
https://doi.org/10.1038/sdata.2015.19,EBOV,Ebola,,,"(5.3,12.7)",10884,26277,"(.69,.88)",,,,,,,,,,,,,,,,,,,,,,,,,,,,,,,,,,,,,,,2015,,
https://doi.org/10.1038/sdata.2015.19,SUDV,Ebola,,,"(3.35,12)",,,"(.53,.69)",,,,,,,,,,,,,,,,,,,,,,,,,,,,,,,,,,,,,,,2015,,
https://doi.org/10.1038/sdata.2015.19,BDBV,Ebola,,,"(6.3,7)",,,"(.34,.42)",,,,,,,,,,,,,,,,,,,,,,,,,,,,,,,,,,,,,,,2015,,
https://www.cabdirect.org/cabdirect/abstract/19792901977https://www.ncbi.nlm.nih.gov/pmc/articles/PMC2395561/,SUDV,Ebola,South Sudan,"(June 1976, November 1976)","(7, 14)",,284,0.53,,,,,,,,,,,,,,,,,,0.53,,,,,,,,,,,,,,,,,,,,,,,No
https://ci.nii.ac.jp/naid/10010037821/,ZAIV,Ebola,"DRC, Yambuku",1976,,,318,0.88,,,,,,,,,,,,,,,,,,,,,,,,,,,,,,,,,,,,,,,,,No
https://www.ncbi.nlm.nih.gov/pmc/articles/PMC2536233/,SUDV,Ebola,"Sudan, Nzara",1979,,22,34,,,,,,,,,,,,,,,,,,,,,,,,,,,,,,,,,,,,,,,,,,
https://doi.org/10.1086/514290,ZAIV,Ebola,Gabon,"(1994, 1995)",,,49,0.59,,,,,,,,,,,,,,,,,,,,,,,,,,,,0,,,,,,,,,,,,,
https://doi.org/10.1086/514306,ZAIV,Ebola,"DRC, Kikwit",1995,,,315,0.81,,,,,,,,,,,,,,,,,,,,,,,,,,,,,,,,,,,,,,,,,
http://www.who.int/csr/don/1996_04_26b/en,ZAIV,Ebola,"Gabon, Maybout",1996,,,37,,,,,,,,,,,,,,,,,,,,,,,,,,,,,,,,,,,,,,,,,,
https://doi.org/10.1086/514290,ZAIV,Ebola,"Gabon, Booue","(1994, 1997)",,45,60,,,,,,,,,,,,,,,,,,,,,,,,,,,,,,,,,,,,,,,,,,
https://dx.doi.org/10.3201/eid0911.030339,SUDV,Ebola,"Uganda, Gulu","(2000, 2001)",,224,425,,,,,,,,,,,,,,,,,,,,,,,,,,,,,,,,,,,,,,,,,,
https://doi.org/10.1016/j.ijid.2003.04.001,SUDV,Ebola,"Uganda, Gulu","(2000, 2001)",,224,425,0.527,,,,,,,,,,,,,,,,,,,,,,,,,,,,<0.06,,,,,,,,,,,,,
https://doi.org/10.1046/j.1365-3156.2002.00944.x,SUDV,Ebola,"Uganda, Gulu","(2000, 2001)","12; (2, 21) range",224,425,0.527,,,,,,,,,,,,,,,0.565,,12.6/10000; 0.025 secondary,,,,,,,,,,,,,,,,,,,,,,,,
https://apps.who.int/iris/bitstream/handle/10665/232198/WER7826_223-228.PDF,ZAIV,Ebola,Congo Republic and Gabon,"(2001, 2002)",,,124,,,,,,,,,,,,,,,,,,,,,6 median from onset,,,,,,,,,,,,,,,,,,,,,
https://doi.org/10.1016/j.trstmh.2011.04.011,ZAIV,Ebola,Congo Republic,"(2002, 2003)",,128,143,0.895,,,,,,,,,,,,,,,,,,,,,,,,,,,,,,,,,,,,,,,,,
https://europepmc.org/article/med/14579469,ZAIV,Ebola,Congo Republic,"(2002, 2003)",,128,143,0.895,,,,,,,,,,,,,,,,,,,,,,,,,,,,,,,,,,,,,,,,,
https://doi.org/10.1016/j.trstmh.2011.04.011,ZAIV,Ebola,"Congo Republic, Mbomo",2003,,29,35,0.829,,,,,,,,,,,,,,,,,,,,,,,,,,,,,,,,,,,,,,,,,
https://doi.org/10.1016/j.trstmh.2011.04.011,ZAIV,Ebola,"Congo, Etoumbi",2005,,10,12,0.83,,,,,,,,,,,,,,,,,,,,,,,,,,,,,,,,,,,,,,,,,
http://www.who.int/csr/don/2004_08_07/en/,SUDV,Ebola,"South Sudan, Yambio",2004,,7,17,,,,,,,,,,,,,,,,,,,,,,,,,,,,,,,,,,,,,,,,,,
https://doi.org/10.1089/vbz.2008.0167,ZAIV,Ebola,"DRC, Kasai Occidental Province",2007,,186,264,,,,,,,,,,,,,,,,,,,,,,,,,,,,,,,,,,,,,,,,,,
https://dx.doi.org/10.3201%2Feid1607.091525,BDBV,Ebola,"Uganda, Bundibugyo District","(2007, 2008)","7 median; (2, 20) range",39,116,0.34,,,,,,,,,,,,,,,,,,,"10 median from onset; (2, 26) range from onset",,,,,,,,,0,,,,,,,,,,,,,
http://www.who.int/csr/don/2009_02_17/en/,ZAIV,Ebola,"DRC, Kasai Occidental Province","(2008, 2009)",,15,32,,,,,,,,,,,,,,,,,,,,,,,,,,,,,,,,,,,,,,,,,,
http://www.cdc.gov/vhf/ebola/outbreaks/history/summaries.html,BDBV,Ebola,"DRC, Orientale Province",2012,,,77,,,,,,,,,,,,,,,,,,,,,,,,,,,,,,,,,,,,,"Fruit bats, primates",,,,,
http://www.who.int/csr/don/2012_09_03/en/,SUDV,Ebola,"Uganda, Kibaale District",2012,,,24,,,,,,,,,,,,,,,,,,,,,,,,,,,,,,,,,,,,,,,,,,
http://www.who.int/csr/don/2012_11_30_ebola/en/,SUDV,Ebola,"Uganda, Luwero District","(2012, 2013)",,,7,,,,,,,,,,,,,,,,,,,,,,,,,,,,,,,,,,,,,,,,,,
https://doi.org/10.1056/NEJMoa1411099,ZAIV,Ebola,"DRC, Equateur Province",2014,,49,69,,0.84,,,,,,,,,,,,,,,,,,,,,,,,,,,,,,,,,,,,,,,,
https://doi.org/10.1038/sdata.2015.19,EBOV,Ebola,,,,,,0.7,,,,,,,,,,,,,,,,,,,,,,,,,,,,,,,,,,,,,,,2015,,
https://doi.org/10.1038/sdata.2015.19,EBOV,Ebola,Ghana,,,,20,0.4,,,,,,,,,,,,,,,,,,,,,,,,,,,,,,,,,,,,,,,2015,,
https://doi.org/10.1038/sdata.2015.19,,Ebola,,,,,69,0.74,,,,,,,,,,,,,,,,,,,,,,,,,,,,,,,,,,,,,,,2015,,
https://doi.org/10.1186/1756-0500-7-906,MARV,Marburg,,,"(2, 26)",,,,,,,,,,,,,,,,,,,,,,,,,,,,,,,,,,"Marburg, Germany",1967,,,,,,,2014,,
https://doi.org/10.1186/s12985-019-1272-z,MARV,Marburg,,,"(2, 21)",,,"(.23, .9)",,,,,,,,,,,,,,,,,,,,,,,,,,,,,,,,,,,,R. aegyptiacus,,,2019,,
https://doi.org/10.1038/sdata.2015.19,MARV,Marburg,,,,,,0.8,,,,,,,,,,,,,,,,,,,,,,,,,,,,,,,,,,,,,,,2015,,
http://dx.doi.org/10.1007/s12250-020-00252-z,SARS-CoV-2,COVID-19,,June 2020,,408025,>7000000,,,,,,,,,,,,,,,,,,,,,,,,,,,,,,,,,,,,,,,,2020,,
http://dx.doi.org/10.1007/s12250-020-00252-z,SARS-CoV,SARS,,"(2002, 2020)",,774,8098,0.096,,,,,,,,,,,,,,,,,,,,,,,,,,,,,,,,,,,,,,,2020,,
http://dx.doi.org/10.1007/s12250-020-00252-z,MERS-CoV,MERS,,"(2012, 2020)",,,,0.35,,,,,,,,,,,,,,,,,,,,,,,,,,,,,,,,,,,,,,,,,
https://doi.org/10.1007/s00705-020-04768-3,SARS-CoV-2,COVID-19,,,5,,,,"(2,8)",,,7,,,,,,,,,,,,,,,,,,,,,,,,,,,,,,,,,,,2020,,
http://dx.doi.org/10.1007/s00705-020-04628-0,CoV (All),,,,"(2,14)",,,,,,,,,,,,,,,,,,,,,,,,,,,,,,,,,,,,,,,,,,2020,,
http://dx.doi.org/10.1007/s00705-020-04628-0,SARS-CoV,SARS,,2002,,,,,,,,,,,,,,,,,,,,,,,,,,,,,,,,,,,"Guangdong, China","November, 2002",,,,,,,2020,,
http://dx.doi.org/10.1007/s00705-020-04628-0,MERS-CoV,MERS,Worldwide,2013,,31,55,0.56,,,,,,,,,,,,,,,,,,,,,,,,,,,,,,,"Jeddah, Saudi Arabia",,,,,,,,2020,,
http://dx.doi.org/10.1007/s00705-020-04628-0,MERS-CoV,MERS,Worldwide,"(2012, 2020)",,866,2519,0.344,,,,,,,,,,,,,,,,,,,,,,,,,,,,,,,"Jeddah, Saudi Arabia",,,,,,,,2020,,
https://doi.org/10.1056/NEJMoa1306742,MERS-CoV,MERS,Saudi Arabia,2013,"(1.9, 14.7) (95% CI)",15,23,0.652,,,,,,,,,,,,,,,,,,,,,,,,,,,,,,,,,,,,,,,2013,,
https://doi.org/10.1186/s12916-015-0468-3,MERS-CoV,MERS,Republic of Korea,2015,,36,185,0.195,,,,,,,,,,,,,,,,,,,,,,,,,,,,,,,,,,,,,,,2015,,
http://dx.doi.org/10.1007/s00705-020-04628-0,SARS-CoV-2,COVID-19,Worldwide,April 2020,,145144,2114269,0.068,,,,,,,,,,,,,,,,,,,,,,,,,,,,,,,,,,203,,,,,2020,,
http://dx.doi.org/10.1007/s00604-020-04615-x,SARS-CoV-2,COVID-19,,,,,,,,,,,,,,,,,,,,,,,,,14,,,,,,,,,,,,,,,,,,,,2020,,
http://dx.doi.org/10.1007/s13337-020-00632-9,SARS-CoV-2,COVID-19,,September 2020,,1012742,33849737,0.03,,,,,,,,,,,,,,,,,,,,,,,,,,,,,,,"Wuhan, China",,,210,,,,,2020,,
http://dx.doi.org/10.1007/s13337-020-00632-9,MERS-CoV,MERS,Worldwide,"(2012, 2020)","(2,14)",791,2229,0.355,,,,11,,,,,,,,,,,,,,,,,,,,,,,,,,,,,,,,Camelus dromedarius,,,2020,,
http://dx.doi.org/10.1007/s13337-020-00632-9,MERS-CoV,MERS,Saudi Arabia,"(2012, 2020)",,,1854,,,,,,,,,,,,,,,,,,,,,,,,,,,,,,,,,,,,,,,,2020,,
http://dx.doi.org/10.1007/s13337-020-00632-9,MERS-CoV,MERS,Republic of Korea,"(2012, 2020)",,,185,,,,,,,,,,,,,,,,,,,,,,,,,,,,,,,,,,,,,,,,2020,,
http://dx.doi.org/10.1007/s13337-020-00632-9,MERS-CoV,MERS,United Arab Emirates,"(2012, 2020)",,,86,,,,,,,,,,,,,,,,,,,,,,,,,,,,,,,,,,,,,,,,2020,,
http://dx.doi.org/10.1007/s13337-020-00632-9,MERS-CoV,MERS,Qatar,"(2012, 2020)",,,19,,,,,,,,,,,,,,,,,,,,,,,,,,,,,,,,,,,,,,,,2020,,
http://dx.doi.org/10.1007/s13337-020-00632-9,MERS-CoV,MERS,Oman,"(2012, 2020)",,,11,,,,,,,,,,,,,,,,,,,,,,,,,,,,,,,,,,,,,,,,2020,,
http://dx.doi.org/10.1007/s13337-020-00632-9,SARS-CoV,SARS,Worldwide,"(2002, 2020)",,774,8096,0.096,"(2.2, 3.7)",,,,,,,,,,,,,,,,,,,,,,,,,,,,,,"Guangdong, China","November, 2002",,>30,,,,,2020,,
http://dx.doi.org/10.1007/s13337-020-00632-9,SARS-CoV,SARS,China,"(2002, 2003)",,349,5237,0.067,,,,,,,,,,,,,,,,,,,,,,,,,,,,,,,"Guangdong, China","November, 2002",,>30,,,,,2020,,
http://dx.doi.org/10.1007/s13337-020-00632-9,SARS-CoV,SARS,Hong Kong,"(2002, 2003)",,299,1755,0.17,,,,,,,,,,,,,,,,,,,,,,,,,,,,,,,"Guangdong, China","November, 2002",,>30,,,,,2020,,
http://dx.doi.org/10.1007/s13337-020-00632-9,SARS-CoV,SARS,Taiwan,"(2002, 2003)",,37,346,0.107,,,,,,,,,,,,,,,,,,,,,,,,,,,,,,,"Guangdong, China","November, 2002",,>30,,,,,2020,,
http://dx.doi.org/10.1007/s13337-020-00632-9,SARS-CoV,SARS,Canada,"(2002, 2003)",,43,251,0.171,,,,,,,,,,,,,,,,,,,,,,,,,,,,,,,"Guangdong, China","November, 2002",,>30,,,,,2020,,
http://dx.doi.org/10.1007/s10393-018-1317-6,MERS-CoV,MERS,,"(2012, 2017)",,729,1918,0.38,,,,,,,,,,,,,,,,,,,,,,,,,,,,,,,,,,,,Camelus dromedarius,,,2018,,
https://doi.org/10.1007/s00705-012-1352-5,NiV,Nipah,Malaysia,,,,,,,,,,,,,,,,,,,,,,,,,,,,,,,,,,,,,1998,,,,,,,2012,,
https://doi.org/10.1186/s12985-016-0510-x,NiV,Nipah,Malaysia,,,,,,,,,,,,,,,,,,,,,,,,,,,,,,,,,,,,,1998,,,,"Pteropus hypomelanus, P. vampyrus",,,2016,,
https://doi.org/10.1016/S1386-6532(02)00268-8,NiV,Nipah,Malaysia,,"(4, 60)",109,283,0.385,,,,,,,,,,,,,,,,,,,,,,,,,,,,,,,,September 1998,,,,Pteropus spp.,,,2003,,
https://dx.doi.org/10.3201/eid0101.950107,HeV,Hendra,,,,,,,,,,,,,,,,,,,,,,,,,,,,,,,,,,,,,Australia,1994,,,,,,,1995,,
https://doi.org/10.1099/0022-1317-81-8-1927,HeV,Hendra,,,,,,,,,,,,,,,,,,,,,,,,,,,,,,,,,,,,,,,,,,Pteropus spp.,,,2000,,
https://doi.org/10.1016/j.disamonth.2012.03.010,CTFV,Colorado Tick Fever,,,"(3,5)",,,,,,,,,,,,,,,,,,,,,,,,,,,,,,,,,,,,,,D. andersoni,,,,2012,,
http://dx.doi.org/10.1186/s12974-018-1356-5,LACV,La Crosse Encephalitis,United States,"(2003, 2012)",,,665,<0.01,,,,,,,,,,,,,,,,,,,,,,,,,,,,,,,,,,,Ae. triseriatus,,,,2018,,
http://dx.doi.org/10.1186/s13071-019-3658-6,LACV,La Crosse Encephalitis,United States,,,,,,,,,,,,,,,,,,,,,,,,,,,,,,,,,,,,,,,,Ae. triseriatus,,,,2019,,
http://dx.doi.org/10.1186/s13071-020-04440-4,LACV,La Crosse Encephalitis,United States,,,,"(50, 150)",,,,,,,,,,,,,,,,,,,,,,,,,,,,,,,,,,,,,,,,2020,,
http://dx.doi.org/10.1186/s13071-020-04440-4,LACV,La Crosse Encephalitis,United States,"(2000, 2020)",,,1,,,,,,,,,,,,,,,,,,,,,,,,,,,,,,,,,,,,,,,New York,2020,,
http://dx.doi.org/10.1186/s13071-020-04440-4,LACV,La Crosse Encephalitis,United States,"(2018, 2019)",,,2,,,,,,,,,,,,,,,,,,,,,,,,,,,,,,,,,,,,,,,Rhode Island ,2020,,
http://dx.doi.org/10.1186/1471-2334-11-29,LACV,La Crosse Encephalitis,United States,,,,79,,,,,,,,,,,,,,,,,,,,,,,,,,,,,,,,,,,,O. triseriatus,,Sciuridae spp.,,2011,,
http://dx.doi.org/10.1186/1471-2334-11-29,LACV,La Crosse Encephalitis,United States,"(2003, 2007)",,,,0.031,,,,,,,,,,,,,,,,,,,,,,,,,,,,,,,,,,,O. triseriatus,,Sciuridae spp.,West Virginia,2011,,
http://dx.doi.org/10.1186/1471-2334-11-29,LACV,La Crosse Encephalitis,United States,"(2003, 2007)",,,,0.015,,,,,,,,,,,,,,,,,,,,,,,,,,,,,,,,,,,O. triseriatus,,Sciuridae spp.,,2011,,
http://dx.doi.org/10.1186/1743-422X-5-25,LACV,La Crosse Encephalitis,,,,,,,,,,,,,,,,,,,,,,,,,,,,,,,,,,,,,"Wisconsin, USA",,1960,,,,,,2008,,
https://doi.org/10.1542/peds.2014-0498,WNV,West Nile Fever,United States,"(2003, 2012)",,3,505,,,,,,,,,,,,,,,,,,,,,,,,,,,,,,,,,,,,,,,,2014,,
https://doi.org/10.1542/peds.2014-0498,LACV,La Crosse Encephalitis,United States,"(2003, 2012)",,9,665,,,,,,,,,,,,,,,,,,,,,,,,,,,,,,,,,,,,,,,,2014,,
https://doi.org/10.1542/peds.2014-0498,EEEV,Eastern Equine Encephalitis,United States,"(2003, 2012)",,10,30,0.33,,,,,,,,,,,,,,,,,,,,,,,,,,,,,,,,,,,,,,,2014,,
https://doi.org/10.1542/peds.2014-0498,POWV,Eastern Equine Encephalitis,United States,"(2003, 2012)",,,45,,,,,,,,,,,,,,,,,,,,,,,,,,,,,,,,,,,,,,,,2014,,
https://doi.org/10.1542/peds.2014-0498,SLEV,St. Louis Encephalitis,United States,"(2003, 2012)",,,109,,,,,,,,,,,,,,,,,,,,,,,,,,,,,,,,,,,,,,,,2014,,
http://dx.doi.org/10.1186/s13071-018-2950-1,EEEV,Eastern Equine Encephalitis,United States,,,,,,,,,,,,,,,,,,,,,,,,,,,,,,,,,,,,,,1971,,"(Culiseta melanura, Culiseta morsitans, Coquillettidia perturbans, Aedes canadensis (Ochlerotatus canadensis), Aedes vexans, Anopheles punctipennis, Anopheles quadrimaculatus, Psorophora ferox, Culex salinarius, Culex pipiens)",,,New York,2018,,
http://dx.doi.org/10.1186/1476-072X-11-47,EEEV,Eastern Equine Encephalitis,United States,,,4,,0.35,,,,,,,,,,,,,,,,,,,,,,,,,,,,,,,,,,,,"Humans, horses",,Florida,2010,,
http://dx.doi.org/10.1186/1476-072X-9-12,SLEV,Saint Louis encephalitis,United States,,,,32,,,,,,,,,,,,,,,,,,,,,,,,,,,,,,,,,,,,Mosquitos,,,Alabama,,,
http://dx.doi.org/10.1186/1743-422X-6-170,EEEV,Eastern Equine Encephalitis,,,"(2,3)",,,0.3,,,,,,,,,,,,,,,,,,,,"(5,15)",,,,,,,,,,,,,,,,"Guinea pigs, mice",,,,,
https://doi.org/10.1098/rstb.2004.1490,SARS-CoV,SARS,"(Hong Kong, China, Taiwan, Singapore, Canada)","(2002, 2003)","6.37, (2, 12) 95% CI",,,0.15,,,,,,,,,,,,,,,,,,,,,,,,,,,,,,,,,,,,,,,2004,,
https://doi.org/10.7326/0003-4819-141-9-200411020-00006,SARS-CoV,SARS,Hong Kong,2003,"4.6, (3.8, 5.8) 95% CI",302,1755,0.172,,,,,,,,,,,,,,,,,,,,"23.7, (22.0, 25.3) 95% CI",,,,,,,,,,,,,,,,,,,2004,,
https://pubmed.ncbi.nlm.nih.gov/12925421/,SARS-CoV,SARS,Canada,"February, 2003",,17,127,0.133,,,,,,,,,,,,,,,,,"(0.103, 0.60)",,,"5, (2, 10) Range",,,,,,,,,,,,,,,,,,Toronto,2003,,
https://doi.org/10.1126/science.1086478,SARS-CoV,SARS,Hong Kong,2003,,,1512,,"2.7, (2.2, 3.7) 95% CI",,,,,,,,,,,,"0.14 (0.09, 0.35) 95% CI",,,,,,,,,,,,,,,,,,"Guandong, China",,,,,,,,2003,,
https://doi.org/10.1126/science.1086478,SARS-CoV,SARS,Worldwide,"(November 2002, May 2003)",,666,7956,0.0837,,,,,,,,,,,,,,,,,,,,,,,,,,,,,,,"Guandong, China",,,28,,,,,2003,,
https://www.cdc.gov/mmwr/preview/mmwrhtml/mm5218a1.htm,SARS-CoV,SARS,Singapore,2003,"5, 2.5 SD",,,,,,,,,,,,,,,,,,,,,,,,,,,,,,,,,,,,,,,,,,2003,,
https://doi.org/10.1016/S0140-6736(03)13410-1,SARS-CoV,SARS,Hong Kong,2003,"6.4, (5.2, 7.7) 95% Cl",122,1425,0.0856,,,,,,,,,,,,,,,,,,,,,,,,,,,,,,,,,,,,,,,2003,,
https://doi.org/10.1126/science.1086616,SARS-CoV,SARS,Singapore,"(November 2002, June 2003)",,,205,,"(2.2, 3.6)",,,,,,,,,,,,,,,,,,,,,,,,,,,,,,,,,31,,,,,2003,,
https://apps.who.int/iris/handle/10665/70863,SARS-CoV,SARS,Singapore,2003,"5.3, (1, 10) Range",,,,,,,"(6, 23)",,,,,,,,,,,,,,,,,,,,,,,,,,,,,,,,,,,2003,,
https://apps.who.int/iris/handle/10665/70863,SARS-CoV,SARS,Canada,2003,"4.8, (2, 10) Range",,,,3.3,,,"(6, 23)",,,,,,,,,,,,,,,,,,,,,,,,,,,,,,,,,,,2003,,
https://apps.who.int/iris/handle/10665/70863,SARS-CoV,SARS,China,2003,"4, (1, 12) Range",,,,,,,"(6, 23)",,,,,,,,,,,,,,,,,,,,,,,,,,,,,,,,,,,2003,,
https://apps.who.int/iris/handle/10665/70863,SARS-CoV,SARS,Hong Kong,2003,"6.37 (5.29, 7.75) 95% CI",,,,,,,"(6, 23)",,,,,,,,,,,,,,,,,,,,,,,,,,,,,,,,,,,2003,,
https://apps.who.int/iris/handle/10665/70863,SARS-CoV,SARS,Taiwan,2003,<14,,,,,,,"(6, 23)",,,,,,,,,,,,,,,,,,,,,,,,,,,,,,,,,,,2003,,
https://apps.who.int/iris/handle/10665/70863,SARS-CoV,SARS,Vietnam,2003,"6, (5, 10) Range",,,,,,,"(6, 23)",,,,,,,,,,,,,,,,,,,,,,,,,,,,,,,,,,,2003,,
https://apps.who.int/iris/handle/10665/70863,SARS-CoV,SARS,Europe,2003,"7.2, (5, 10) Range",,,,,,,"(6, 23)",,,,,,,,,,,,,,,,,,,,,,,,,,,,,,,,,,,2003,,
"https://doi,org/10.1186/s12879-019-4311-x",HCV,Hepatitis C,China,"(2011, 2016)","(14, 180)",,,,1.6592,,,,,,,"(0, 0.1)",,,,,,,,,,,,,,,,,,"(0, 0.033)",,,,,,,,,,,,,2019,,
https://doi.org/10.1586/eri.09.8,HCV,Hepatitis C,Worldwide,,"(14, 84)",,,,,,,,,,,,,,,,,,,,,,,,,,,,,,,,,,,,,,,,,,2014,,No
https://doi.org/10.1016/j.jiac.2016.10.002,HIV,Human Immunodeficiency Virus,Worldwide,2015,"(8, 11) Years",,36700000,,,,,,,,,,,,,,,,,,,,,,,,,,,,,,,,,,,,,,,,2016,,No
https://doi.org/10.1056/NEJMoa0805715,ZIKV,Zika,Federated States of Micronesia,"(April 2007, May 2007)",,,49,,,,,,,,,,0.8,,,,,,,,0.0146,,,,,,,,,,,,,,Uganda,1947,,,"(Aedes africanus, Aedes luteocephalus, Aedes aegypti)",,,Yap Island,2009,,
https://doi.org/10.3201/eid2207.151990,ZIKV,Zika,Worldwide,,"(3, 12)",,,,,,,,,,,,0.8,,,,,,,,,,,,,,,,,,,,,,,,,,,,,,2016,,
https//doi.org/10.1126/science.1176062,H1N1,Swine Influenza A,Mexico,"(April 2009, May 2009",,29,822,0.035 (0.003 to 0.018) Range,"1.58, (1.34, 2.0) 95% CI",,,,,,,,"0.14, (0.0, 0.31) 95% CI",,,,,,,,,,,,,,,,,,,,,,,,,,,,,,2009,,
https://doi.org/10.2807/ese.14.19.19205-en,H1N1,Swine Influenza A,Mexico,"(April 2009, May 2009",,,,,"2.2, (2.1, 2.4) 95% CI",,,,,,,,,,,,,,,,,,,,,,,,,,,,,,,,,,,,,,2009,,
https://doi.org/10.2807/ese.14.26.19254-en,H1N1,Swine Influenza A,Mexico,"(April 2009, June 2009)",,,,,1.72,,,,,,,,,,,,,,,,,,,,,,,,,,,,,,,,,,,,,Mexico City,2009,,
https://doi.org/10.2807/ese.14.26.19254-en,H1N1,Swine Influenza A,Mexico,"(April 2009, June 2009)",,,,,1.716,,,,,,,,,,,,,,,,,,,,,,,,,,,,,,,,,,,,,"La Gloria, Veracruz",2009,,
https://doi.org/10.1111/j.1750-2659.2009.00100.x,H1N1,Swine Influenza A,Mexico,"(March 2009, April 2009)","(1, 4)",,,,"1.44 (1.38, 1.51) 95% CI",,"3, (1, 5) Range","7, (4, 10)",,,,,,,,,,,,,,,,,,,,,,,,,,,,,,,,,,Mexico City,2009,,
https://doi.org/10.1186/1741-7015-7-45,H1N1,Swine Influenza A,Worldwide,"(January 2009, July 2009)",,,137232,,"1.75, (1.64, 1.88) 95% CI",,,,,,,,,,,,,,,,,,,,,,,,,,,,,,,,,142,,,,,2009,,
https://doi.org/10.1111/j.1750-2659.2009.00106.x,H1N1,Swine Influenza A,United States,"(April 2009, May 2009)",,,,,"(1.7, 1.8)","(2.2, 2.3)",,,,,,,,,,,,,,,,,,,,,,,,,,,,,,,,,,,,,2009,,
https://doi.org/10.1126/science.1177373,H1N1,Swine Influenza A,United States,2009,,,,,,"(1.3, 2.1)",,,,,,,,,,,,,,,"0.273 (0.122, 0.505) 95% CI",,,,,,,,,,,,,,,,,,,,,,2009,,"Yes, via PMC"
https://doi.org/10.1126/science.1177373,H1N1,Swine Influenza A,Mexico,2009,,,,,"2.3, (2.1, 2.5) 95% CI","3.2, (3.0, 3.5) 95% CI",,,,,,,,,,,,,,,,,,,,,,,,,,,,,,,,,,,,,2009,,"Yes, via PMC"
https://doi.org/10.2807/ese.14.42.19363-en,H1N1,Swine Influenza A,Australia,"(May 2009, June 2009)",,,897,,,"2.9, 1.4",,,,,,,,,,,"1.6 (1.5, 1.8) 95% CI",,,,,,,,,,,,,,,,,,,,,,,,,Victoria,2011,,
https://doi.org/10.3201/eid1309.07-0111,H5N1,Avian Influenza A,Indonesia,2006,,,,,"1.14, (0.61, 2.14) 95% CI",,,,,,,,,,,,,,,,"0.29, (0.15, 0.51) 95% CI",,,,,,,,,,,,,,,,,,,,,Sumatra,2007,,
https://doi.org/10.1186/s12879-017-2435-4,YFV,Yellow Fever Virus,Ethiopia,"(2012, 2014)",,43,141,0.305,,,,,,,,,,,,,,,,,0.04,,"(4, 5)",,,,,,,,,,,,,,,,"(Aedes bromeliae, Aedes aegypti formosas, Aedes africanus)",,,South Omo Zone,2017,,
https://doi.org/10.1186/s12889-018-5039-z,ZIKV,Zika,,,,,,,,,,,,,,,,,,,,,,,,,,,,,,,,,,,,,Nigeria,,1954,,,,,,2018,,
https://doi.org/10.1186/s12985-019-1176-y,ZIKV,Zika,,,,,,,,,,,,,,,,,,,,,,,,,,,,,,,,,,,,,Uganda,1947,,,,,,,2019,,
https://doi.org/10.1186/s12985-019-1176-y,WNV,West Nile Virus,,,,,,,,,,,,,,,,,,,,,,,,,,,,,,,,,,,,,Uganda,1937,1937,,,,,,2019,,
https://doi.org/10.1186/s12992-016-0194-4,EBOV,Ebola,West Africa,"(2014, 2016)","(2, 21)",11325,"28,652",0.395,,,,,,,,,,,,,,,,,,,,,,,,,,,,,,,,,,,,Bats,,,2016,,
https://doi.org/10.3934/mbe.2019136,ZIKV,Zika,Costa Rica,2016,"(2, 7)",,"7,820",,"1.519,  (1.508, 1.531) 95% PI",,,,,,,,0.8,,,,,,,,,,,,,,,,,,,,,,,,,,"(Aedes aegypti, Aedes albopicuts)",,,,2019,,
https://doi.org/10.3934/mbe.2019136,ZIKV,Zika,Costa Rica,2017,"(2, 7)",,"2,414",,"1.519,  (1.508, 1.531) 95% PI",,,,,,,,0.8,,,,,,,,,,,,,,,,,,,,,,,,,,"(Aedes aegypti, Aedes albopicuts)",,,,2019,,
https://doi.org/10.3201/eid2305.161715,ZIKV,Zika,,"(2015, 2016)","(3, 14)",,,,,,,,,,,,,,,,,,,,,,,,,,,,,,,,,,,,,,,,,,2017,,
https://doi.org/10.1038/s41598-017-05013-9,ZIKV,Zika,Colombia,"(2015, 2016)","5.7, (4,8) 95% CI",,,,"2.2 (1.9, 2.8) 95% CI",,,"4.7 (3.8, 5.7) 95% CI",,,,,"(0.4, 0.8)",,,,,,,,"(0.022, 0.11)",,,,,,"(0.01, 0.02)",,,,,,,,,,,,,,,Antioquia,2017,,
https://doi.org/10.1371/journal.pntd.0004726,ZIKV,Zika,French Polynesia,"(2013, 2014)",5.9,,,,"(2.6, 4.8)",,10.5,"(4, 7)",,,,,,,,,,,,,,,,,,,"0.115 (0.0732, 0.179) 95% CI",,,,,,,,,,,,Aedes mosquitos,,,,2016,,
https://doi.org/10.1371/journal.pntd.0004726,DENV,Dengue,French Polynesia,"(2013, 2014)",5.9,,,,,,3.9,5,,,,,,,,,,,,,,,,,,,,,,,,,,,,,,,Aedes mosquitos,,,,2016,,
https://doi.org/10.1371/journal.pntd.0004726,ZIKV,Zika,French Polynesia,"(2013, 2014)",,,,,"3.5 (2.6, 5.3) 95% CI",,,,,,,,,,,,,,,,"0.66 (0.62, 0.70) 95% CI",,,,,,"0.11 (0.055, 0.20) 95% CI",,,,,,,,,,,,Aedes mosquitos,,,Tahiti,2016,,
https://doi.org/10.1080/17513758.2018.1535096,DENV,Dengue,Phillippines,"(2008, 2012)",,3195,"585,324",0.0055,,,,,,,,,,,,,,,,,,,,,,,0.09,,,,,,,,,,,,,,,,2018,,
https://doi.org/10.1080/17513758.2018.1535096,DENV,Dengue,Phillippines,2014,,,,,1.62,,,,,,,,,,,,,,,,,,,,,,,,,,,,,,,,,,,,,,,,
https://doi.org/10.1080/17513758.2018.1535096,DENV,Dengue,Phillippines,2015,,,,,1.87,,,,,,,,,,,,,,,,,,,,,,,,,,,,,,,,,,,,,,,,
https://doi.org/10.3201/eid2206.150579,MPXV,Monkeypox,Democratic Republic of the Congo,2013,"8, (4, 14) Range",10,104,0.096,,,,,,,"7.4, (6.76, 7.99) 95% CI",,,,,,,,,,"0.521 (0.5, 1.0) Range",,,,,,,,,,,,,,,,,,,,,Bokungu,2016,,
https://doi.org/10.1086/505880,MPXV,Monkeypox,United States,2003,"(8, 13)",,47,,,,,,,,,,,,,,,,,,,,,,,,,,,,,,,,,,,,,,,,2006,,
https://doi.org/10.2471/BLT.19.242347,MPXV,Monkeypox,,,,,,,,,,,,,,,,,,,,,,,,,,,,,,,,,,,,,,,,,,,,,,,
https://doi.org/10.3390/mca24010006,CHIKV,Chikungunya,Colombia,2015,"(5, 12)",,,,0.79,,,"(5, 15)",,,,,,,,,,,,,,,,,,,,,,,,,,,,,,,"(Aedes aegypti, Aedes albopictus)",,,,2019,,
https://doi.org/10.3390/v11090814,WNV-2,"West Nile Virus, Lineage 2",Italy,"(2015, 2018)",,,,,"1.41, (1.14, 1.80) 95% HPD",,,"15.8, (11, 29) Range",,,,,,,,,,,,,,,,,,,,,,,,,,,,,,,Culex,Passeriformes,,,,,
https://doi.org/10.1101/2020.07.28.20163535,SARS-CoV-2,COVID-19,Worldwide,2020,,,,,"(1.94, 6.94)",,,"(5.8, 20)",,,,,,,,,,,,,,,,,,,,,,,,,,,,,,,,,,,2020,,
https://doi.org/10.1016/j.ijid.2020.04.044,SARS-CoV-2,COVID-19,Republic of Korea,"(January 2020, March 2020)",,,,,"2.6, (2.3, 2.9) 95% CI",,,,,,,,,,,,,,,,,,,,,,,,,,,,,,,,,,,,,,2020,,
https://doi.org/10.1016/j.ijid.2020.04.044,SARS-CoV-2,COVID-19,Republic of Korea,"(February 2020, March 2020)",,,,,"3.2, (2.9, 3.5) 95% CI",,,,,,,,,,,,,,,,,,,,,,,,,,,,,,,,,,,,,,2020,,
https://doi.org/10.1016/j.ijid.2020.04.044,SARS-CoV-2,COVID-19,Italy,"(January 2020, March 2020)",,,,,"2.6, (2.3, 2.9) 95% CI",,,,,,,,,,,,,,,,,,,,,,,,,,,,,,,,,,,,,,2020,,
https://doi.org/10.1016/j.ijid.2020.04.044,SARS-CoV-2,COVID-19,Italy,"(February 2020, March 2020)",,,,,"3.3, (3.0, 3.6) 95% CI",,,,,,,,,,,,,,,,,,,,,,,,,,,,,,,,,,,,,,2020,,
https://doi.org/10.2807/1560-7917.ES.2020.25.4.2000058,SARS-CoV-2,COVID-19,China,"(November 2019, January 2020)",,,,,"2.2, (1.4, 3.8) 95% CI",,,,,,,,,,,,,,,,,,,,,,,,,,,,,,,,,,,,,,2020,,
https://doi.org/10.1186/s40249-020-00640-3,SARS-CoV-2,COVID-19,China,"(December 2019, January 2020)",,,,,3.58,,,,,,,,,,,,,,,,,,,,,,,,,,,,,,,,,,,,,Wuhan,2020,,
https://doi.org/10.1038/s41591-020-0822-7,SARS-CoV-2,COVID-19,China,"(December 2019, January 2020)",,,,,"1.94, (1.83, 2.06) 95% CI",,,,,,,,,,,,,,,,,,,,,,,,,,,,,,,,,,,,,Wuhan,2020,,
https://doi.org/10.1056/nejmoa2001316,SARS-CoV-2,COVID-19,China,"(December 2019, January 2020)",,,,,"2.2, (1.4, 3.9) 95% CI",,,,,,,,,,,,,,,,,,,,,,,,,,,,,,,,,,,,,Wuhan,2020,,
https://doi.org/10.1101/2020.01.30.20019828,SARS-CoV-2,COVID-19,China,"(December 2019, January 2020)",,,,,"4.71, (4.50, 4.92) 95% CI",,,,,,,,,,,,,,,,,,,,,,,,,,,,,,,,,,,,,Wuhan,2020,,
https://doi.org/10.1017/CBO9781107415324.004,SARS-CoV-2,COVID-19,China,"(January 2020, February 2020)",,,,,"3.11, (2.39, 4.13) 95% CI",,,,,,,,,,,,,,,,,,,,,,,,,,,,,,,,,,,,,,2020,,
https://doi.org/10.3201/eid2608.200536,SARS-CoV-2,COVID-19,Iran,"(February 2020, March 2020)",,,,,"4.4, (3.9, 4.9) 95% CI",,,,,,,,,,,,,,,,,,,,,,,,,,,,,,,,,,,,,,2020,,
https://doi.org/10.3201/eid2608.200536,SARS-CoV-2,COVID-19,Iran,"(February 2020, March 2020)",,,,,"3.5, (1.28, 8.14) 95% CI",,,,,,,,,,,,,,,,,,,,,,,,,,,,,,,,,,,,,,2020,,
https://doi.org/10.1101/2020.03.20.20038422,SARS-CoV-2,COVID-19,Iran,February 2020,,,,,4.86,,,,,,,,,,,,,,,,,,,,,,,,,,,,,,,,,,,,,,2020,,No
arXiv:2003.09320,SARS-CoV-2,COVID-19,Italy,"(January 2020, February 2020)",,,,,"3.1, (2.9, 3.2) 95% CI",,,,,,,,,,,,,,,,,,,,,,,,,,,,,,,,,,,,,Lombardy,2020,,
https://doi.org/10.1016/j.ijid.2020.04.044,SARS-CoV-2,COVID-19,Italy,"(February 2020, March 2020)",,,,,"2.6, (2.3, 2.9) 95% CI",,,,,,,,,,,,,,,,,,,,,,,,,,,,,,,,,,,,,,2020,,
https://doi.org/10.1016/j.ijid.2020.04.044,SARS-CoV-2,COVID-19,Italy,"(February 2020, March 2020)",,,,,"3.3, (3.0, 3.6) 95% CI",,,,,,,,,,,,,,,,,,,,,,,,,,,,,,,,,,,,,,2020,,
https://doi.org/10.1016/s0140-6736(20)30627-9,SARS-CoV-2,COVID-19,Italy,"(February 2020, March 2020)",,,,,2.76,,,,,,,,,,,,,,,,,,,,,,,,,,,,,,,,,,,,,,2020,,
https://doi.org/10.1016/s0140-6736(20)30627-9,SARS-CoV-2,COVID-19,Italy,"(February 2020, March 2020)",,,,,3.25,,,,,,,,,,,,,,,,,,,,,,,,,,,,,,,,,,,,,,2020,,
https://doi.org/10.3390/biology9050097,SARS-CoV-2,COVID-19,France,"(February 2020, March 2020)",,,,,"3.2, (3.1, 3.3) 95% CI",,,,,,,,,,,,,,,,,,,,,,,,,,,,,,,,,,,,,,2020,,
https://doi.org/10.3389/fpubh.2020.00256,SARS-CoV-2,COVID-19,UK,"(March 2020, April 2020)",,,,,"6.94, (6.52, 7.39) 95% CI",,,,,,,,,,,,,,,,,,,,,,,,,,,,,,,,,,,,,,2020,,
https://doi.org/10.1101/2020.03.30.20047019,SARS-CoV-2,COVID-19,Spain,"(February 2020, March 2020)",,,,,"2.22, 1.21 SD",,,,,,,,,,,,,,,,,,,,,,,,,,,,,,,,,,,,,,2020,,
https://doi.org/10.3201/eid2305.161715,ZIKV,Zika,United States,"(2015, 2016)","6.4, (5.7, 7.0) 95% CI",,,,,,,,,,,,,,,,,,,,,,,,,,,,,,,,,,,,,,,,,,,,
https://www.ncbi.nlm.nih.gov/pmc/articles/PMC7327392/pdf/publichealth-07-02-026.pdf,SARS-CoV-2,COVID-19,Algeria,,5,,,,4.1,,,10,,,,,,,,,,,0.41,,,,,,,,,"(0.01,0.1)",0.2,0.1,,,,,,,,,,,,,,,
https://www.ncbi.nlm.nih.gov/pmc/articles/PMC7327392/pdf/publichealth-07-02-026.pdf,SARS-CoV-2,COVID-19,China,"(December 2019, January 2020)",,,"9,720",,,,,,,,,,,,,,,,,,,,,,,,,,,,,,,,,,,,,,,,,,
https://pubmed.ncbi.nlm.nih.gov/28803069/,ZIKV,Zika,El Salvador,"(2015, 2016)",,,"73,395",,"(4, 6) range, 4.3 median",,,,,,,,,,,,,,,,,,,,,,0.16,,,,,,,,,,,,,,,,,,
https://pubmed.ncbi.nlm.nih.gov/28803069/,ZIKV,Zika,Suriname,"(2015, 2016)",,,"21,647",,"(4, 6) range, 5.3 median",,,,,,,,,,,,,,,,,,,,,,0.18,,,,,,,,,,,,,,,,,,No
https://pubmed.ncbi.nlm.nih.gov/29091713/,ZIKV,Zika,Latin America; Carribean,,,,"~217,000",,,,,,,,,,,,,,,,,,,,,,,,,,,,,,,,,,,,,,,,,,No
https://pubmed.ncbi.nlm.nih.gov/29267914/,ZIKV,Zika,Americas,"(, March 2017)",,,>750000,,,,,,,,,,,,,,,,,,,,,,,,,,,,,,,,,,,,,,,,,,No
https://pubmed.ncbi.nlm.nih.gov/29267914/,ZIKV,Zika,,"(, April 2017)",,,,,,,,,,,,,,,,,,,,,,,,,,,,,,,,,,,,,,84,,,,,,,No
https://doi.org/10.1016/j.mayocp.2016.02.017,ZIKV,Zika,,,"(3, 14)",,,,,,,,,,,,,,,,,,,,,,,,,,,,,,,,,,,,,,,,,,,,Yes (Yes)
https://pubmed.ncbi.nlm.nih.gov/26820163/,ZIKV,Zika,Brazil,February 2015,,,"(440,000, 1,300,000)",,,,,,,,,,0.8,,,,,,,,,,,,,,,,,,,,,,,,,,,,,,,,Yes (No)
https://doi.org/10.15585/mmwr.mm6506e2,ZIKV,Zika,Puerto Rico,"(November 23, 2015, January 28, 2016)",,,155,,,,,,,,,,,,,,,,,,,,,,,,,,,,,,,,,,,,,,,,,,Yes (No)
https://doi.org/10.4269/ajtmh.19-0309,ZIKV,Zika,United States,2017,,,"1,118",,,,,,,,,,,,,,,,,,,,,,,,,,,,,,,,,,,,,,,,,,Yes (No)
https://doi.org/10.4269/ajtmh.19-0309,DENV,Dengue,United States,2017,,,971 (451),,,,,,,,,,,,,,,,,,,,,,,,,,,,,,,,,,,,,,,,,,Yes (No)
https://doi.org/10.4269/ajtmh.19-0309,CHIKV,Chikungunya,United States,2017,,,195,,,,,,,,,,,,,,,,,,,,,,,,,,,,,,,,,,,,,,,,,,Yes (No)
https://doi.org/10.4269/ajtmh.19-0309,DENV,Dengue,"United States, California",2017,,,130,,,,,,,,,,,,,,,,,,,,,,,,,,,,,,,,,,,,,,,,,,Yes (No)
https://doi.org/10.4269/ajtmh.19-0309,DENV,Dengue,"United States, Texas",2017,,,43,,,,,,,,,,,,,,,,,,,,,,,,,,,,,,,,,,,,,,,,,,Yes (No)
https://doi.org/10.4269/ajtmh.19-0309,DENV,Dengue,"United States, New York",2017,,,38,,,,,,,,,,,,,,,,,,,,,,,,,,,,,,,,,,,,,,,,,,Yes (No)
https://doi.org/10.4269/ajtmh.19-0309,DENV,Dengue,"United States, New Jersey",2017,,,25,,,,,,,,,,,,,,,,,,,,,,,,,,,,,,,,,,,,,,,,,,Yes (No)
https://doi.org/10.4269/ajtmh.19-0309,DENV,Dengue,"United States, Illinois",2017,,,23,,,,,,,,,,,,,,,,,,,,,,,,,,,,,,,,,,,,,,,,,,Yes (No)
https://doi.org/10.4269/ajtmh.19-0309,DENV,Dengue,American Samoa,2017,,,508,,,,,,,,,,,,,,,,,,,,,,,,,,,,,,,,,,,,,,,,,,Yes (No)
https://doi.org/10.4269/ajtmh.19-0309,CHIKV,Chikungunya,Puerto Rico,2017,,,39,,,,,,,,,,,,,,,,,,,,,,,,,,,,,,,,,,,,,,,,,,Yes (No)
https://doi.org/10.4269/ajtmh.19-0309,CHIKV,Chikungunya,Puerto Rico,,,,620,,,,,,,,,,,,,,,,,,,,,,,,,,,,,,,,,,,,,,,,,,Yes (No)
https://www.ncbi.nlm.nih.gov/pmc/articles/PMC5403043/pdf/16-1715.pdf,ZIKV,Zika,United States,"(2015, 2016)","(3, 14); (10.8, 12.9) 95% CI",,197,,,,,,,,,,,,,,,,,,,,,,,,,,,,,,,,,,,,Aedes spp.mosquitoes,,,,,,Yes (No)
https://www.ncbi.nlm.nih.gov/pmc/articles/PMC5403043/pdf/16-1715.pdf,,,,,,,,,,,,,,,,,,,,,,,,,,,,,,,,,,,,,,,,,,,,,,,,,
https://www.ncbi.nlm.nih.gov/pmc/articles/PMC5102589/pdf/wjem-17-671.pdf,CHIKV,Chikungunya,"United States, Florida",,"(3, 7); (1, 12) range",,11,,,,,,,,,,,,,,,,,,,,,,,,,,,,,,,,,,,,,,,,,,Yes (No)
https://www.ncbi.nlm.nih.gov/pmc/articles/PMC5102589/pdf/wjem-17-671.pdf,DENV,Dengue,,,,,,,,,,,,,,,0.5,,,,,,,,,,"(3, 5)",,,,,,,,,,,,,,,,"Ae. aegypti, Ae. albopictus",,,,,,Yes (No)
https://pubmed.ncbi.nlm.nih.gov/26903610/,CHIKV,Chikungunya,,,,,,,,,,,,,,,0.47,,,,,,,,,,,,,,,,,,,,,,,,,,,,,,,,Yes (No)
https://pubmed.ncbi.nlm.nih.gov/32316394/,ZIKV,Zika,"Mexico, Reynosa",2017,,,,,"2.2, (1.1, 3.8) 95% CI",,,,,,,,,,,,,,,,,,,,,,,,,,,,,,,,,,,,,,,,Yes (No)
https://doi.org/10.1093/cid/ciz678,Ebola,Ebola,Sierra Leone,"(2013, 2016)",,,,".891; (.408, .916) 95% CI",,,,,,,,,,,,,,,,,,,,,,,,,,,,,,,,,,,,,,,,,Yes (No)
https://doi.org/10.1093/cid/ciz678,Ebola,Ebola,Guinea,"(2013, 2016)",,,,".656; (.613, .696) 95% CI",,,,,,,,,,,,,,,,,,,,,,,,,,,,,,,,,,,,,,,,,Yes (No)
https://doi.org/10.1093/cid/ciz678,Ebola,Ebola,Liberia,"(2013, 2016)",,,,".792; (.454, .841) 95% CI",,,,,,,,,,,,,,,,,,,,,,,,,,,,,,,,,,,,,,,,,Yes (No)
https://doi.org/10.1017/S0950268817000164,Ebola,Ebola,Sierra Leone,"(2013, 2016)",,,,,,,,,,,,,,,,,,,,,,,,,,,,,,,,,,,,,,,,,,,,,Yes (Yes)
https://doi.org/10.1017/S0950268817000164,Ebola,Ebola,Guinea,"(2013, 2016)",,,,,,,,,,,,,,,,,,,,,,,,,,,,,,,,,,,,,,,,,,,,,
https://doi.org/10.1017/S0950268817000164,Ebola,Ebola,Liberia,"(2013, 2016)",,,,,,,,,,,,,,,,,,,,,,,,,,,,,,,,,,,,,,,,,,,,,
https://doi.org/10.1017/S0950268817000164,Ebola,Ebola,Nigeria,"(2013, 2016)",,,,,9.01,,,,,,,,,,,,,,,,,,,,,,,,,,,,,,,,,,,,,,,,
https://doi.org/10.1017/S0950268817000164,Ebola,Ebola,Sierra Leone; Guinea; Liberia,"(2013, 2016)",,">11,300",">28,600",,"(1.30, 1.84) median",,,,,,,,,,,,,,,,,,,,,,,,,,,,,,,,,,,,,,,,
https://doi.org/10.3201/eid2108.141613,Ebola,Ebola,DRC,1995,,,,,,,,,,,,,,,,,"0.4; (0.3, 0.6) 95% CI",,,,,,,,,,,,,,,,,,,,,,,,,,,,
https://doi.org/10.3201/eid2108.141613,Ebola,Ebola,Uganda,2000,,,,,,,,,,,,,,,,,"0.3; (0.2, 0.4) 95% CI",,,,,,,,,,,,,,,,,,,,,,,,,,,,
http://dx.doi.org/10.1016/j.jtbi.2004.03.006,Ebola,Ebola,DRC,1995,"5.3, 0.23 SD",,,,"1.83, 0.06 SD",,,"5.61, 0.19 SD",,,,,,,,,,,,,,,,,,,,,,,,,,,,,,,,,,,,,
http://dx.doi.org/10.1016/j.jtbi.2004.03.006,Ebola,Ebola,Uganda,2000,"3.35, 0.49 SD",,,,"1.34, 0.03 SD",,,"3.5, 0.67 SD",,,,,,,,,,,,,,,,,,,,,,,,,,,,,,,,,,,,,
http://dx.doi.org/10.1111/j.1541-0420.2006.00609.x.,Ebola,Ebola,DRC,1995,"9.431, 0.62 SD",,,,"1.383, 0.127 SD",,,"5.7123, 0.548 SD",,,,,,,,,,,,,,,,,,,,,,,,,,,,,,,,,,,,,
http://dx.doi.org/10.1111/j.1541-0420.2006.00609.x.,Ebola,Ebola,DRC,1995,"10.11, 0.713 SD",,,,"1.359, 0.128 SD",,,"6.523, 0.564 SD",,,,,,,,,,,,,,,,,,,,,,,,,,,,,,,,,,,,,
http://dx.doi.org/10.1017/S0950268806007217,Ebola,Ebola,DRC,1995,,,,,"2.7, (1.9, 2.8) 95% CI",,,,,,,,,,,,,,,,,,,,,,,,,,,,,,,,,,,,,,,,
http://dx.doi.org/10.1017/S0950268806007217,Ebola,Ebola,Uganda,2000,,,,,"2.7, (2.5, 4.1) 95% CI",,,,,,,,,,,,,,,,,,,,,,,,,,,,,,,,,,,,,,,,
http://dx.doi.org/10.1016/j.phrp.2011.04.001,Ebola,Ebola,DRC,1995,"12.7, 4.31 SD",,,,,,,,,,,,,,,,,,,,,,,,,,,,,,,,,,,,,,,,,,,,
http://dx.doi.org/10.1016/j.mbs.2005.08.002,Ebola,Ebola,DRC,1995,,,,,"3.65, (3.05, 4.33) 95% CI",,,,,,,,,,,,,,,,,,,,,,,,,,,,,,,,,,,,,,,,
http://dx.doi.org/10.1016/j.mbs.2005.08.002,Ebola,Ebola,DRC,1995,,,,,3.07,,,,,,,,,,,,,,,,,,,,,,,,,,,,,,,,,,,,,,,,
http://dx.doi.org/10.1016/j.mbs.2005.08.002,Ebola,Ebola,Uganda,2000,,,,,"1.79, (1.52, 2.30) 95% CI",,,,,,,,,,,,,,,,,,,,,,,,,,,,,,,,,,,,,,,,
http://dx.doi.org/10.1016/j.mbs.2005.08.002,Ebola,Ebola,Uganda,2000,,,,,2.13,,,,,,,,,,,,,,,,,,,,,,,,,,,,,,,,,,,,,,,,
http://dx.doi.org/10.1002/sim.3136,Ebola,Ebola,DRC,1995,,,,,"1.93, (1.74, 2.78) 95% CI",,,,,,,,,,,,,,,,,,,,,,,,,,,,,,,,,,,,,,,,
https://doi.org/10.1016/j.amc.2017.11.039,Ebola,Ebola,Guinea,2014,9,,,0.98 unhospitalized; 0.93 hospitalized,1.241,,,,,,,"0.314 infected, susceptible; 0.16 removed but still infected, susceptible; 0.0165 hospitalized and infected, susceptible",,,,,,,,,,,,,,,,,,,,,,,,,,,,,,,,,Yes (Yes)
https://doi.org/10.1016/j.amc.2017.11.039,Ebola,Ebola,Liberia,2014,9,,,0.98 unhospitalized; 0.88 hospitalized,1.563,,,,,,,"0.376 infected, susceptible; 0.135 removed but still infected, susceptible; 0.163 hospitalized and infected, susceptible",,,,,,,,,,,"9.34 after onset, unhospitalized; 15.80 after hospitalization","7.5 after onset, unhospitalized; 4.38 after hospitalization",1.2,,,,,,,0.57,,,,,,,,,,,,,Yes (Yes)
https://doi.org/10.1016/j.amc.2017.11.039,Ebola,Ebola,Sierra Leone,2014,9,,,0.76 unhospitalized; 0.74 hospitalized,1.445,,,,,,,"0.251 infected, susceptible; 0.395 removed but still infected, susceptible; 0.079 hospitalized and infected, susceptible",,,,,,,,,,,"8.45 after onset, unhospitalized; 17.16 after hospitalization","7.6 after onset, unhospitalized; 10.09 after hospitalization",1.2,,,,,,,0.6,,,,,,,,,,,,,Yes (Yes)
https://doi.org/10.1016/j.amc.2017.11.039,Ebola,Ebola,,,"(8, 10)",,,,,,,,,,,,,,,,,,,,,,,,,,,,,,,,,,,,,,,,,,,,Yes (Yes)
https://ecommons.library.cornell.edu/bitstream/1813/31962/1/BU-1365-M.pdf,Ebola,Ebola,,,"(2, 21) range",,,"(.5, .9)","(1.72, 8.60)",,,"(4, 10)",,,,,,,,,,,,,,,,,,,,,,,,,,,,,,,,,,,1996,,Yes (Yes)
https://ecommons.library.cornell.edu/bitstream/1813/31962/1/BU-1365-M.pdf,Ebola,Ebola,"Zaire, Yambuku",1976,,,,,"(2.6, 8.6)",,,,,,,,,,,,,,,,,,,,,,,,,,,,,,,,,,,,,,1996,,Yes (Yes)
https://ecommons.library.cornell.edu/bitstream/1813/31962/1/BU-1365-M.pdf,Ebola,Ebola,"Zaire, Kikwit",1995,,79,,,"(1.57, 5.03) range",,,,,,,,,,,,,,,,,,,,,,,,,,,,,,,,,,,,,,1996,,Yes (Yes)
https://ecommons.library.cornell.edu/bitstream/1813/31962/1/BU-1365-M.pdf,Measles,Measles,England; Wales,"(1950, 1968)",,,,,"(16, 18)",,,,,,,,,,,,,,,,,,,,,,,,,,,,,,,,,,,,,,1996,,Yes (Yes)
https://ecommons.library.cornell.edu/bitstream/1813/31962/1/BU-1365-M.pdf,HIV,HIV,"Uganda, Hampara","(1985, 1987)",,,,,"(10, 11)",,,,,,,,,,,,,,,,,,,,,,,,,,,,,,,,,,,,,,1996,,Yes (Yes)
https://doi.org/10.1371/currents.outbreaks.fd38dd85078565450b0be3fcd78f5ccf,Ebola,Ebola,Liberia,2014,12,,,0.5 unhospitalized; 0.5 hospitalized,,,,,,,,,,,,,,,0.160 community; 0.062 hospital; 0.489 funeral,,,,15.88 after hospitalization,10.07 after hospitalization; 13.31 after infection,3.24,,,,,,0.197,,,,,,,,,,,,,,Yes (No)
https://doi.org/10.1371/currents.outbreaks.fd38dd85078565450b0be3fcd78f5ccf,Ebola,Ebola,Sierra Leone,2014,10,,,0.75 unhospitalized; 0.75 hospitalized,,,,,,,,,,,,,,,0.128 community; 0.080 hospital; 0.111 funeral,,,,15.88 after hospitalization,6.26 after hospitalization; 10.38 after infection,4.12,,,,,,0.197,,,,,,,,,,,,,,Yes (No)
https://doi.org/10.1016/j.amc.2013.07.040,Influenza,Infuenza,"Australia, Sydney","(March 1919, May 1919)",,,,,,,0.699 rate,,,,,,,,,,,,0.502,,,0.03,"0.00015 rate, latents; 0.36 rate, clinically ill",,,,,,,,,,,,,,,,,,,,,,Yes (Yes)
https://doi.org/10.1016/j.amc.2013.07.040,Influenza,Infuenza,"Australia, Sydney","(May 1919, August 1919)",,,,,,,1 rate,,,,,,,,,,,,0.5,,,0.03,"0.00015 rate, latents; 0.34 rate, clinically ill",,,,,,,,,,,,,,,,,,,,,,Yes (Yes)
https://doi.org/10.1056/NEJMoa1411100,Ebola,Ebola,Sierra Leone; Senegal; Nigeria; Liberia; Guinea,"(, September 2014)",11.4,2296,4507,,,"15.3, 9.3 SD",,,,,,,,,,,,,,,,,,"7.5, 6.8 SD","5.0, 4.7 SD",,,,,,,,,,,,,,,,,,,,Yes (No)
https://doi.org/10.1056/NEJMoa1411100,Ebola,Ebola,Guinea,"(, September 2014)",10.9,,,,"1.71; (1.44, 2.01) 95% CI","19.0, 11.0 SD",,,,,,,,,,"1.81; (1.60, 2.03) 95% CI",,"15.7; (12.9, 20.3) 95% CI",,,,,0.707,"6.4, 5.3 SD","5.3, 4.3 SD",,,,,,,,,,,,,,,,,,,,Yes (No)
https://doi.org/10.1056/NEJMoa1411100,Ebola,Ebola,Sierra Leone,"(, September 2014)",10.8,,,,"2.02; (1.79, 2.26)","11.6, 5.6 SD",,,,,,,,,,"1.38; (1.27, 1.51) 95% CI",,"30.2; (23.6, 28.2) 95% CI",,,,,0.69,"8.6, 6.9 SD","4.6, 5.1 SD",,,,,,,,,,,,,,,,,,,,Yes (No)
https://doi.org/10.1056/NEJMoa1411100,Ebola,Ebola,Liberia,"(, September 2014)",11.7,,,,"1.83; (1.72, 1.94) 95% CI","13.1, 6.6 SD",,,,,,,,,,"1.51; (1.41, 1.60) 95% CI",,"23.6; (20.2, 28.2) 95% CI",,,,,0.723,"7.9, 8.0 SD","4.9, 5.1 SD",,,,,,,,,,,,,,,,,,,,Yes (No)
https://doi.org/10.1056/NEJMoa1411100,Ebola,Ebola,Nigeria,"(, September 2014)",,,,,,,,,,,,,,,,,,,,,,,,,"4.1, 1.4 SD",,,,,,,,,,,,,,,,,,,,Yes (No)
https://doi.org/10.1086/514297,Ebola,Ebola,DRC,1995,"7.8; (2, 19) range",,23,0.78,,,,,,,,,,,,,,,,,,,,,,,,,,,,,,,,,,,,,,,,,Yes (No)
https://doi.org/10.1007/s40615-020-00909-1,SARS-CoV-2,COVID-19,"United States, Michigan, Oakland County","(, May 2020)",,"12.77, 15.21 SD; 7.00 median (2.0, 17.0) 95% CI","113.96, 111.47 SD; 90.50 median, (42.25, 141.25) 95% CI","0.0976, 0.579 SD; 0.0932 median, (6.25, 13.86) 95% CI",,,,,,,,,,,,,,,,,,,,,,,,,,,,,,,,,,,,,,,,,Yes (No)
https://doi.org/10.1016/j.idm.2019.03.001,B. burgdorferi,Lyme Disease,United States,,,,,,1.28,,,,,,,,,,,,,,,,,,,,,,,,,,,,,,,,,,"(I. scapularis, Peromyscus leucopus, Odocoileus virginianus)",,,,2019,,
https://doi.org/10.1016/j.ijid.2017.07.008,MERS-CoV,MERS,Saudi Arabia,"(2015, 2017)",,218,537,0.406,,,,,,"5.6, 4.4 SD, (0, 36) Range",,,,,,,,,,,,,,,,,,,,,,,,,,,,,,,,,2017,,
https://doi.org/10.1093/cid/cix352,MERS-CoV,MERS,Saudi Arabia,2015,,51,130,0.392,4,,,,,,,,,,,,,,,,,,,,,,,,,,,0.738,,,,,,,,,,Riyadh,2017,,
https://doi.org/10.1016/j.ajic.2016.12.020,MERS-CoV,MERS,Saudi Arabia,2015,,,,,,,,,,,,,,,,,,,,,"42, (33, 54) 95% CI",,,,,,,,,,,,,,,,,,,,,,2017,,
https://doi.org/10.1371/currents.outbreaks.98d2f8f3382d84f390736cd5f5fe133c,MERS-CoV,MERS,Saudi Arabia,2015,,,,0.4,"(2.2, 2.8)",,,,,,,,0.28489,,,,,,,,,,,,,,,,,,,,,,Saudia Arabia,"20th September, 2012","20th September, 2012",,,,,Jeddah,2017,,
https://doi.org/10.1371/currents.outbreaks.98d2f8f3382d84f390736cd5f5fe133c,MERS-CoV,MERS,Saudi Arabia,2015,,,,0.4,"(3.5, 6.7)",,,,,,,,0.28489,,,,,,,,,,,,,,,,,,,,,,Saudia Arabia,"20th September, 2012","20th September, 2012",,,,,Riyadh,2017,,
https://doi.org/10.1007/s00705-016-3062-x,MERS-CoV,MERS,Worldwide,"(2012, 2016)",,630,1769,0.356,,,,,,,,,,,,,,,,,,,,,,,,,,,,,,,,,,26,,,,,2017,,
https://doi.org/10.1007/s00705-016-3062-x,MERS-CoV,MERS,Middle East,"(2012, 2016)","4.63, (2, 9) Range",56,216,0.259,,,,,,"8, (1, 47) Range",,,,,,,,,,,,,"14, (5, 38) Range","11.5, (1, 36) Range","3.26, (0, 11) Range",,,,,,,,,,,,,,,,,,2017,,
https://doi.org/10.1007/s00705-016-3062-x,MERS-CoV,MERS,Republic of Korea,"(2012, 2016)","6, (0, 15) Range",24,174,0.138,,,,,,"4, (0, 14) Range",,,,,,,,,,,,,"17, (7, 29) Range","11, (1, 23) Range","4, (0, 38) Range",,,,,,,,,,,,,,,,,,2017,,
https://doi.org/10.1016/j.jegh.2016.05.002,MERS-CoV,MERS,Saudi Arabia,2014,,10,29,0.34,,,,,,,,,,,,,,,,,,,,,"(2.9, 5)",,,,,,,,,,,,,,,,,Al-Madinah,2017,,
https://doi.org/10.3201/eid2201.151370,MERS-CoV,MERS,Saudi Arabia,"(September 2014, January 2015)",,21,38,0.553,,,,,,,,,,,,,,,,,,,"18, (12, 42) Range","14, (1, 75) Range",,,,,,,,,,,,,,,,,,Taif,2016,,
https://doi.org/10.1016/S0140-6736(16)30623-7,MERS-CoV,MERS,Republic of Korea,2015,"7, (2, 17) Range",,,,< 1.0,,,,,,,,,,,,,,,,0.05,,,,,,,,,,,,,,,,,,,,,,2016,,
https://doi.org/10.3947/ic.2016.48.2.99,MERS-CoV,MERS,Republic of Korea,2015,"7.8, (6.0, 10.0) 95% CI",11,23,0.478,,"14.6, (12.9, 16.5) 95% CI",,,,,,,,,,,,,,,,,,"(12.5, (5.5, 19) IQR in Hospital A, 11, (9-16) IQR in Hospital B)",,,,,,,,,,,,,,,,,,Daejeon,2016,,
https://doi.org/10.3201/eid2203.151437,MERS-CoV,MERS,Republic of Korea,2015,"6.9, (6.3, 7.5) 95% CI",36,170,0.21,,,,,,,,,,,,,,,,,,,,,,,,,,,,,,,,,,,,,,,2016,,
https://doi.org/10.2807/1560-7917.es2015.20.25.21163,MERS-CoV,MERS,Republic of Korea,"(May 2015, June 2015)","6.7, (6.1, 7.3) 95% CI",24,166,"0.145, predicted to reach 0.21 (0.14, 0.31) 95% CI",,"12.6, (12.1, 13.1) 95% CI, 2.8 SD, (2.4, 3.1) 95% CI",,,,,,,,,,,,,,,,,,,,,,,,,,,,,,,,,,,,,2015,,
https://doi.org/10.1056/NEJMoa1306742,MERS-CoV,MERS,Saudi Arabia,"(April 2013, May 2013)","5.2, (1.9, 14.7) 95% CI",15,23,0.652,,"7.6, (2.5, 23.1) 95% CI",,,,,,,,,,,,,,,,,,,,,,,,,,,,,,,,,,,,Al-Hasa,2014,,
https://doi.org/10.1016/S1473-3099(13)70304-9,MERS-CoV,MERS,Worldwide,"(September 2012, August 2013)",,46,94,0.489,,,,,,,,,,,,,,,,,,,,,,,,,,,,,,,,,,,,,,,2013,,
https://doi.org/10.1016/S1473-3099(13)70304-9,MERS-CoV,MERS,"(France, Jordan, Saudi Arabia, United Kingdom)","(September 2012, August 2013)","5.5, (3.6, 10.2) 95% CI, 2.5 SD, (1.2, 11.6) 95% CI",,,,"(0.8, 1.3), 1.5 upper bound","10.7, (6.5, 19.4) 95% CI, 6.3 SD, (3.5, 16.9) 95% CI, (7, 12) Range",,,,,,,,,,,,,,,,,,,,,,,,,,,,,,,,,,,,,2013,,
https://doi.org/10.1016/S1473-3099(13)70204-4,MERS-CoV,MERS,Saudi Arabia,"(September 2012, June 2013)",,28,47,0.596,"(0.6, 0.69)",,,,,,,,,,,,,,,,,,,,,,,,,,,,,,,,,,,,,,2013,,
https://doi.org/10.1097/01.ede.0000254660.07942.fb,SARS-CoV,SARS,"(Hong Kong, Canada)",2003,"5.1, (4.2, 5.9) 95% CI, 4.2 SD",,317,,,,,,,,,,,,,,,,,,,,,,,,,,,,,,,,,,,,,,,"(Hong Kong, Toronto)",2007,,
https://doi.org/10.1186/1471-2334-10-50,SARS-CoV,SARS,Worldwide,"(2002, 2003)",,916,8422,0.109,,,,,,,,,,,,,,,,,,,,,,,,,,,,,,,"Guandong, China",,"16th November, 2002",,,,,,2010,,
https://doi.org/10.1186/1471-2334-10-50,SARS-CoV,SARS,Hong Kong,,4.4 ± 4.6 SD,302,1755,0.172,,,,,,,,,,,,,,,,,,,23,21,,,,,,,,,,,"Guandong, China",,"16th November, 2002",,,,,,2010,,
https://doi.org/10.1186/1471-2334-10-50,SARS-CoV,SARS,China,,"5.7, 9.7 SD",30,917,0.033,,,,,,,,,,,,,,,,,,,36,24,,,,,,,,,,,"Guandong, China",,"16th November, 2002",,,,,Beijing,2010,,
https://doi.org/10.1186/1471-2334-10-50,SARS-CoV,SARS,Taiwan,,"6.9, 6.1 SD",180,664,0.276,,,,,,,,,,,,,,,,,,,19,10,,,,,,,,,,,"Guandong, China",,"16th November, 2002",,,,,,2010,,
https://doi.org/10.1186/s12916-015-0450-0,MERS-CoV,MERS,"(Saudi Arabia, Republic of Korea)","(January 2013, July 2015)",,,,,"0.91, (0.36, 1.44) 95% CI",,,,,,,,,,,,,,,,,,,,,,,,,,,,,,,,,,,,,,2015,,
https://doi.org/10.1186/s12916-015-0450-0,SARS-CoV,SARS,"(Canada, China, Hong Kong, Singapore, Vietnam)","(November 2002, June 2003)",,,,,"0.95, (0.67, 1.23) 95% CI",,,,,,,,,,,,,,,,,,,,,,,,,,,,,,,,,,,,,,2015,,
https://doi.org/10.4178/epih/e2015033,MERS-CoV,MERS,Republic of Korea,"(May 2015, July 2015)","6.5 median, (2, 16) Range",36,186,0.194,,,,,,"5 median, (0, 17) Range",,,,,,,,,,,,,"20 median, (8, 41) Range","13 median, (1, 41) Range",,,,,,,,,,,,,,,,,,,2015,,
https://doi.org/10.1016/S0140-6736(13)61492-0,MERS-CoV,MERS,"(France, Jordan, Saudi Arabia, United Kingdom)","(September 2012, June 2013)",,38,64,0.594,"(0.60 (0.42, 0.80) 95% CI, 0.69 (0.50, 0.92) 95% CI)",,,,,,,,,,,,,,,,,,,,,,,,,,,,,,,,,,,,,,2013,,
https://doi.org/10.2807/1560-7917.es2015.20.25.21169,MERS-CoV,MERS,Republic of Korea,"(May 2015, June 2015)","6, (4, 7) 95% CI",6,37,0.162,,,,,,"6.5, (4, 9) 95% CI",,,,,,,,,,,,,,,,,,,,,,,,,,,,,,,,Pyeongtaek,2015,,
https://doi.org/10.1371/journal.pone.00509,MARV,Marburg,Angola,2005,,329,374,".88 (.84, .91) 95%","1.59, (1.53, 1.66) 95% CI",,6.5,3,,,,,,"9 (8.2, 10) 95%, 5.4 (3.9, 8.6) 95%",,,,"12.4 (11.3, 13.6) 95%",,,,,,"7 median, (5, 9) range",,,,,,,,,,,,,,,,,,,,,Yes (No)
https://doi.org/10.1053/j.spid.2005.05.001,MARV,Marburg,Angola,"(October 2004, March 2005)","(5, 10) range",117,124,,,,,,,,,,,,,,,,,,,,,,,,,,,,,,,,,,,,,,,,,,Yes (No)
https://dx.doi.org/10.1007%2F978-90-481-2313-1_7,MARV,Marburg,Angola,"(March 2005, )","4 (3.5, 5) 95%; (3, 9) range",,,,"4.29 (3.58, 4.69) 95% CI",,,,,,,,,,"3 (3, 4) 95%",,,,"1.43 (1.18, 1.56) 95% CI",,,"0.92 (0.91, 0.93) 95%",,,,,,,,,,,,,,,,,,,,,,,Yes (No)
https://dx.doi.org/10.1128%2FJVI.00069-06,MARV,Marburg,"DRC, Durba","(1998, 2000)",,,154,0.83,,,,,,,,,,,,,,,,,,,,,,,,,,,,,,,,,,,,,,,,,Yes (No)
https://dx.doi.org/10.1128%2FJVI.00069-06,MARV,Marburg,Angola,"(October 2004, July 2005)",,,252,0.9,,,,,,,,,,,,,,,,,,,,,,,,,,,,,,,,1967,,,,Monkeys,,,,,Yes (No)
https://doi.org/10.1038/414748a,smallpox,smallpox,"United States, Boston",1721,,,,0.14,4.3,,,,,,,,,,,,,,,,,,,,,,,,,,,,,,,,,,,,,,,,Yes (Yes)
https://doi.org/10.1038/414748a,smallpox,smallpox,"England, Oxfordshire, Burford",1758,,,,0.13,3.4,,,,,,,,,,,,,,,,,,,,,,,,,,,,,,,,,,,,,,,,Yes (Yes)
https://doi.org/10.1038/414748a,smallpox,smallpox,"England, Chester",1774,,,,0.15,5.8,,,,,,,,,,,,,,,,,,,,,,,,,,,,,,,,,,,,,,,,Yes (Yes)
https://doi.org/10.1038/414748a,smallpox,smallpox,"England, Warrington",1773,,,,0.25,"4.7 (4.0, 5.3)",,,,,,,,,,,,,,,,,,,,,,,,,,,,,,,,,,,,,,,,Yes (Yes)
https://doi.org/10.1038/414748a,smallpox,smallpox,"France, Paris",1766,,,,,">(4, 5)",,,,,,,,,,,,,,,,,,,,,,,,,,,,,,,,,,,,,,,,Yes (Yes)
https://doi.org/10.1038/414748a,smallpox,smallpox,"England, London","(1836, 1870)",,,,,>5,,,,,,,,,,,,,,,,,,,,,,,,,,,,,,,,,,,,,,,,Yes (Yes)
https://doi.org/10.1038/414748a,smallpox,smallpox,Kosovo,1972,,,,0.1,10.8,,,,,,,,,,,,,,,,,,,,,,,,,,,,,,,,,,,,,,,,Yes (Yes)
https://doi.org/10.1038/414748a,smallpox,smallpox,Europe,"(1058, 1973)",,,,0.1,"(10, 12)",,,,,,,,,,,,,,,,,,,,,,,,,,,,,,,,,,,,,,,,Yes (Yes)
https://doi.org/10.1038/414748a,smallpox,smallpox,"Nigeria, Abakaliki",1967,,,,,"6.87 (4.52, 10.1) 95%",,,,,,,,,,,,,,,,,,,,,,,,,,,,,,,,,,,,,,,,Yes (Yes)
https://doi.org/10.1093/infdis/jiy612,NiV,Nipah,India,"(May 2018, June 2018)","9.5, (6, 14) Range",21,23,0.91,,,,,,,,,,,,,,,,,,,,,,,,,,,,,,,,,,,,,,Kerala,2019,,
https://doi.org/10.3201/eid1202.051247,NiV,Nipah,India,"(January 2001, February 2001)",,45,61,0.74,,,,,,,,,,,,,,,,,,,,,,,,,,,,,,,,,,,,Pteropus giganteus,,Siliguri,2006,,
https://dx.doi.org/10.1038%2Fnature02007,Measles,Measles,,,11,,,,17,,,,,,,,,,,,,,,,,,,,,,,,,,,,,,,,,,,,,,,,Yes (No)
https://dx.doi.org/10.1038%2Fnature02007,smallpox,smallpox,,,21,,,,"(4, 10)",,,,,,,,,,,,,,,,,,,,,,,,,,,,,,,,,,,,,,,,Yes (No)
https://doi.org/10.1093/aje/kwu209,H3N2,Influenza A,,,,,,,,2.2,,,,,,,,,,,,,,,,,,,,,,,,,,,,,,,,,,,,,,,Yes (Yes)
https://doi.org/10.1093/aje/kwu209,H1N1,Pandemic Influenza A,,,,,,,,2.8,,,,,,,,,,,,,,,,,,,,,,,,,,,,,,,,,,,,,,,Yes (Yes)
https://doi.org/10.1093/aje/kwu209,respiratory syncytial virus,respiratory syncytial virus,,,,,,,,7.5,,,,,,,,,,,,,,,,,,,,,,,,,,,,,,,,,,,,,,,Yes (Yes)
https://doi.org/10.1093/aje/kwu209,Measles,Measles,,,,,,,,11.7,,,,,,,,,,,,,,,,,,,,,,,,,,,,,,,,,,,,,,,Yes (Yes)
https://doi.org/10.1093/aje/kwu209,Varciella,Varciella,,,,,,,,14,,,,,,,,,,,,,,,,,,,,,,,,,,,,,,,,,,,,,,,Yes (Yes)
https://doi.org/10.1093/aje/kwu209,smallpox,smallpox,,,,,,,,17.7,,,,,,,,,,,,,,,,,,,,,,,,,,,,,,,,,,,,,,,Yes (Yes)
https://doi.org/10.1093/aje/kwu209,mumps,Mumps,,,,,,,,18,,,,,,,,,,,,,,,,,,,,,,,,,,,,,,,,,,,,,,,Yes (Yes)
https://doi.org/10.1093/aje/kwu209,rubella,rubella,,,,,,,,18.3,,,,,,,,,,,,,,,,,,,,,,,,,,,,,,,,,,,,,,,Yes (Yes)
https://doi.org/10.1093/aje/kwu209,pertussis,pertussis,,,,,,,,22.8,,,,,,,,,,,,,,,,,,,,,,,,,,,,,,,,,,,,,,,Yes (Yes)
https://doi.org/10.1098/rspb.2006.3754,H1N1,Influenza A,,,,,,,,2.85,,,,,,,,,,,,,,,,,,,,,,,,,,,,,,,,,,,,,,,Yes (Yes)
https://doi.org/10.1098/rsif.2007.0228,H1N1,Influenza A,"United States, New Jersey, Fort Dix",1976,,1,230,,"1.2 (1.1, 1.4)","1.9 (1.6, 3.8)",,,,,,,,,,,,,,,,,,,,,,,,,,,,,,,,,,,,,,,Yes (No)
https://doi.org/10.1093/aje/kwm375,H1N1,Influenza A,,,"2 (1, 4) range",,,,,2.3,,,,,,,,"2.5 (1.5, 4.0) range",,,,,,,,,,,,,,,,,,,,,,,,,,,,,,,Yes (Yes)
https://doi.org/10.1371/journal.pone.0001498,H1N1,Influenze,"United States, Maryland",1918,,,,,"(2.4, 4.3); (2, 3)","2.83, 3.31, 3.33, 3.81, 4.01, 4.66, 8.28 ",1.9,4.1,,,,,,,,,,,,,,,,,,,,,,,,,,,,,,,,,,,,,Yes (No)
https://doi.org/10.1093/aje/kws402,H1N1,Influenza A,"Thailand, Bangkok",2009,"(1.4, 1.6)",,,,,3.1,,,,,,,,,,,,,,,,,,,,,,,,,,,,,,,,,,,,,,,Yes (No)
https://doi.org/10.1093/aje/kws402,Influenza B,Influenza B,"Thailand, Bangkok","(2008, 2011)",,,,,,3.7,,,,,,,,,,,,,,,,,,,,,,,,,,,,,,,,,,,,,,,Yes (No)
https://dx.doi.org/10.1097%2FEDE.0b013e31819d1092,H1N1,Influenza A,Hong Kong,2007,"1.5 median (1, 2) range",,,,,"3.6 (2,9, 4.3) 95%, 1.6 SD",,,,,,,,,,,,,,,,,,,,,,,,,,,,,,,,,,,,,,,Yes (No)
https://doi.org/10.1126/science.1176062,H1N1,Influenza A pdm09,Mexico,2009,,,"23,000 (6,000, 32,000) range","0.004 (0.003, 0.018) 95%","1.2 (1.4, 1.6)",1.91,,,,,,,,,,,,,,,,,,,,,,,,,,,,,,,,,,,,,,,Yes (No)
https://pubmed.ncbi.nlm.nih.gov/23661840/,H1N1,Influenza A pdm09,"Ghana, Ashanti region",2009,,,,,,2,,,,,,,,,,,,,,,,,,,,,,,,,,,,,,,,,,,,,,,Yes (No)
https://pubmed.ncbi.nlm.nih.gov/23641387/,H1N1,Influenza A pdm09,"Argentina,Ushuaia; Argentina, Rio Grande ",2009,,,,,,"2 (1.5, 2.6) 95%",,,,,,,,,,,,,,,,,,,,,,,,,,,,,,,,,,,,,,,Yes (No)
https://doi.org/10.1097/ede.0b013e31827f50e8,H1N1,Influenza A pdm09,,,,,,,,"2.1 (1.6, 2.9) 95% households; 2.3 (1.4, 3.4) 95% camps; 2.7 (1.9, 3.7) 95% workplaces; 3.4 (2.5, 4.5) 95%",,,,,,,,,,,,,,,,,,,,,,,,,,,,,,,,,,,,,,,Yes (Yes)
https://doi.org/10.1093/aje/kws006,H1N1,Influenza A pdm09,"United Kingdom, London",2009,,,,,,2.2,,,,,,,,,,,,,,,,,,,,,,,,,,,,,,,,,,,,,,,Yes (Yes)
https://doi.org/10.1073/pnas.1008895108,H1N1,Influenza A pdm09,,2009,,,,,,"2.3, 2.7",,,,,,,,,,,,,,,,,,,,,,,,,,,,,,,,,,,,,,,Yes (No)
https://doi.org/10.1371/journal.pone.0013797,H1N1,Influenza A pdm09,,2009,,,,,1.5,2.3,,,,,,,,,,,,,,,,,,,,,,,,,,,,,,,,,,,,,,,Yes (No)
https://doi.org/10.1093/infdis/jis583,H1N1,Influenza A pdm09,South Africa,2009,,,,,,"2.3, 1.3 SD (1, 5) range",,,,,,,,,,,,,,,,,,,,,,,,,,,,,,,,,,,,,,,Yes (No)
https://doi.org/10.1093/infdis/jis547,H1N1,Influenza A pdm09,Morocco,"(2009, 2010)",,,,,"1.44 (1.32, 1.56) 95%","2.3, 1.4 SD (1.6, 3.0) 95%",,,,,,,,,,,,,,,,,,,,,,,,,,,,,,,,,,,,,,,Yes (No)
https://doi.org/10.1002/sim.3136,H1N1,Influenza A pdm09,Netherlands,2009,,,,,"1.40 (1.34, 1.48) 95%","2.7, 1.1 SD",,,,,,,,,,,,,,,,,,,,,,,,,,,,,,,,,,,,,,,Yes (No)
https://doi.org/10.1371/journal.pone.0017835,H1N1,Influenza A pdm09,New Zealand,2009,,,,,,2.38,,,,,,,,,,"1.25 (1.07, 1.47) 95%",,,,,,,,,,,,,,,,,,,,Mexico,March 2009,,,,,,,,Yes (No)
https://doi.org/10.1111/j.1750-2659.2009.00106.x,H1N1,Influenza A pdm09,United States,2009,,,,,"(1.7, 1.8)","(2.5, 2.6); (2.2, 2.3)",,,,,,,,,,,,,,,,,,,,,,,,,,,,,,,,,,,,,,,Yes (No)
https://doi.org/10.1371/currents.rrn1130,H1N1,Influenza A pdm09,United Kingdom,2009,"2.05, 0.24 VAR",,,,,"2.51, 1.55 SD",,,,,,,,,,,,,,,,,,,,,,,,,,,,,,,,,,,,,,,Yes (No)
https://doi.org/10.1371/currents.rrn1130,H1N1,Influenza A pdm09,England; Wales,"(May 2009, June 2009)",,,,,,,,,,,,,,,,"(1.2, 1.5) range",,,,,,,,,,,,,,,,,,,,,,,,,,,,,Yes (No)
https://doi.org/10.1056/nejmoa0905498,H1N1,Influenza A pdm09,United States,2009,,,"17,855",,,2.6,,,,,,,,,,,,,,,,,,,,,,,,,,,,,,,,,,,,,,,Yes (No)
https://doi.org/10.1093/aje/kwq071,H1N1,Influenza A pdm09,Germany,2009,,,,,,"2.6; 3 median; (1, 3) range",,,,,,,,,,,,,,,,,,,,,,,,,,,,,,,,,,,,,,,Yes (Yes)
https://doi.org/10.1126/science.1177373,H1N1,Influenza A pdm09,,,,,,,"(1.3, 1.7) range","(2.6, 3.2) range",,,,,,,,,,,,,,,".27 secondary (.122, .505) 95%",,,,,,,,,,,,,,,,,,,,,,,,Yes (No)
https://doi.org/10.1056/nejmoa0906089,H1N1,Influenza A pdm09,New York City,2009,"1.4 median (1.0, 1.8) 95%",,,,"3.3 (3.0, 3.6) 95%","2.7 (2.0, 3.5) 95%",,,,,,,,,,,,,,,,,,,,,,,,,,,,School,,,,,,,,,,,Yes (No)
https://doi.org/10.2807/ese.14.27.19267-en,H1N1,Influenza A pdm09,Netherlands,"(, June 2009)",,,155,,,"2.7, 1.1 SD",,,,,,,,,,0.5,,,,,,,,,,,,,,,,,,,,,,,,,,,,,Yes (No)
10.1371/journal.pone.0049482,H1N1,Influenza A pdm09,South Africa,2009,,,,,"(1.4, 1.47) range",2.78,,,,,,,,,,,,,,,,,,,,,,,,,,,,,,,,,,,,,,,Yes (No)
https://doi.org/10.1017/s0950268810001445,H1N1,Influenza A pdm09,Hong Kong,June 2009,,,,,,"2.8 (2.1, 3.4) 95%",,,,,,,,,,,,,,,".059 (.027, 0.091) 95%",,,,,,,,,,,,,School,,,,,,,,,,,Yes (Yes)
https://doi.org/10.1371/journal.pone.0075339,H1N1,Influenza A pdm09,,"(2010, 2011)",,,,,,2.8,,,,,,,,,,,,,,,,,,,,,,,,,,,,Households,,,,,,,,,,,Yes (Yes)
https://doi.org/10.1093/cid/ciq028,H1N1,Influenza A pdm09,California,April 2009,,,,,,2.9,,,,,,,,,,,,,,,,,,,,,,,,,,,,,,,,,,,,,,,Yes (No)
https://doi.org/10.2807/ese.14.42.19363-en,H1N1,Influenza A pdm09,"Australia, Victoria","(May 2009, June 2009)",,,,,,2.9,,,,,,,,,,"(1.6, 2.4)",,,,,,,,,,,,,,,,,,,,,,,,,,,,,Yes (No)
https://doi.org/10.1098/rsif.2010.0515,H1N1,Influenza A pdm09,Israel,2009,,,,,,"2.92, 1.79 SD",,,,,,,,,,,1.06,,,,,,,,,,,,,,,,,,,,,,,,,,,,Yes (No)
https://doi.org/10.1086/651145,H1N1,Influenza A pdm09,New York,2009,,,,,,3,,,,,,,,,,,,,,,0.113,,,,,,,,,,,,,School,,,,,,,,,,,Yes (Yes)
https://doi.org/10.1111/j.1750-2659.2011.00234.x,H1N1,Influenza A pdm09,,2009,,,,,1.3,"3 (2.4, 3.6) 95%",,,,,,,,,,,,,,,,,,,,,,,,,,,,,,,,,,,,,,,Yes (Yes)
https://doi.org/10.1186/1471-2458-11-234,H1N1,Influenza A pdm09,,,,,,,,3,,,,,,,,,,,,,,,".103 secondary (0.068, 0.147) 95%",,,,,,,,,,,,,,,,,,,,,,,,Yes (Yes)
https://doi.org/10.1056/nejmoa0911530,H1N1,Influenza A pdm09,,2009,,,,,,"3.2, 1.3 SD; 3.4, 1.2 SD",,,,,,,,,,,,,,,,,,,,,,,,,,,,Households,,,,,,,,,,,Yes (No)
https://doi.org/10.1086/656582,H1N1,Influenza A pdm09,,2009,,,,,,3.2; 3.9,,,,,,,0.1,,,,,,,,,,,,,,,,,,,,,Households,,,,,,,,,,,Yes (Yes)
https://doi.org/10.3345/kjp.2010.53.10.886,H1N1,Influenza A pdm09,,,,,,,,"3.4, 0.7 SD",,,,,,,,,,,,,,,,,,,,,,,,,,,,,,,,,,,,,,,Yes (No)
https://doi.org/10.1016/j.jcv.2010.06.015,H1N1,Influenza A pdm09,"Canada, Edmonton",2009,,,,,,3.4,,,,,,,,,,,,,,,".302 secondary (.126, .522)",,,,,,,,,,,,,,,,,,,,,,,,Yes (No) 
https://doi.org/10.1111/j.1750-2659.2012.00344.x,H1N1,Influenza A pdm09,"Canada, British Columbia",2009,,,,,,"3.5 (2.1, 5.1) 95%",,,,,,,,,,,,,,,".22 (.16, .28)",,,,,,,,,,,,,Rural,,,,,,,,,,,Yes (No) 
https://doi.org/10.2807/ese.14.19.19209-en,H1N1,Influenza A pdm09,Spain,"(April 2009, May 2009)","3 max (1, 7) 95%",,,,,3.5,,,,,,,,,,,,,,,,,,,,,,,,,,,,,,,,,,,,,,,Yes (No) 
https://doi.org/10.3201/eid1604.091658,H1N1,Influenza A pdm09,"United States, Texas, San Antonio","(April 2009, May 2009)",,,,,,4,,,,,,,,,,,,,,,,,,,,,,,,,,,,Households,,,,,,,,,,,Yes (No)
https://doi.org/10.1503/cmaj.091807,H1N1,Influenza A pdm09,"Canada, Ontario",2009,"4.3 (2.6, 6.6) 95%; 4 median",,,"0.003 (0.001, 0.005) 95%","1.31 (1.25, 1.38) 95%","(4, 5) range","2.62 (2.28, 3.12) 95%","3.38 (2.06, 4.69) 95%",7,,,,,,,,,,,,,,,,,,,,,,,,,,,,,,,,,,,,Yes (No)
https://doi.org/10.1093/aje/kwm375,H3N2,Influenza A pdm09,,,,,,,,3.1,,,,,,,,,,,,,,,,,,,,,,,,,,,,,,,,,,,,,,,Yes (Yes)
https://doi.org/10.1371/journal.pone.0075339,H3N2,Influenza A pdm09,,,,,,,,3.2,,,,,,,,,,,,,,,,,,,,,,,,,,,,,,,,,,,,,,,Yes (No)
https://doi.org/10.1056/nejmoa0911530,H3N2,Influenza A pdm09,,,,,,,,3.4,,,,,,,,,,,,,,,,,,,,,,,,,,,,,,,,,,,,,,,Yes (No)
https://doi.org/10.1093/aje/kws402,H3N2,Influenza A pdm09,"Bangkok, Thailand","(2008, 2011)",,,,,,3.5,,,,,,,,,,,,,,,,,,,,,,,,,,,,,,,,,,,,,,,Yes (No)
https://doi.org/10.1038/nature04017,H5N1,Influenza A,Southeast Asia,,"1.48, 0.47 SD",,,,,2.6,,,,,,,,,,,,,,,,,,,,,,,,,,,,,,,,,,,,,,,Yes (No)
https://doi.org/10.1002/sim.3136,H5N1,Influenza A,,,,,,,,3.37,,,,,,,,,,,,,,,,,,,,,,,,,,,,,,,,,,,,,,,Yes (No)
https://doi.org/10.1093/aje/kwm375,,Influenza B,,,,,,,,3.4,,,,,,,,,,,,,,,,,,,,,,,,,,,,,,,,,,,,,,,Yes (Yes)
https://doi.org/10.1093/aje/kws402,,Influenza B,"Bangkok, Thailand","(2008, 2011)",,,,,,3.7,,,,,,,,,,,,,,,,,,,,,,,,,,,,,,,,,,,,,,,Yes (No)
https://doi.org/10.1371/journal.pone.0075339,,Influenza B,,"(2010, 2011)",,,,,,4.9,,,,,,,,,,,,,,,,,,,,,,,,,,,,Households,,,,,,,,,,,Yes (Yes)
https://doi.org/10.1016/s0140-6736(48)91328-2,Measles,Measles,,,,,,,,9; 10; 10.5; 13,,,,,,,,,,,,,,,,,,,,,,,,,,,,,,,,,,,,,1948,,No
https://doi.org/10.1371/journal.pone.0000758,Measles,Measles,,,,,,,,10.5,,,,,,,,,,,,,,,,,,,,,,,,,,,,Households,,,,,,,,,,,Yes (Yes)
https://doi.org/10.1016/j.jtbi.2011.06.015,Measles,Measles,,,,,,,,11.1; 11.2; 11.9; 12.2,,,,,,,,,,,,,,,,,,,,,,,,,,,,,,,,,,,,,,,Yes (No)
https://doi.org/10.1016/s0140-6736(52)91357-3,Measles,Measles,,,,,,,,12,,,,,,,,,,,,,,,,,,,,,,,,,,,,,,,,,,,,,,,No
http://dx.doi.org/10.1136/bmjopen-2012-002033,Measles,Measles,,,,,,,"(7.7, 10.9) range","12.3 (12.1, 12.5) 95%",,,,,,,,,,,,,,,,,,,,,,,,,,,,,,,,,,,,,,,Yes (Yes)
https://doi.org/10.1093/oxfordjournals.aje.a120248,Mumps,Mumps,,,,,,,,18.3,,,,,,,,,,,,,,,,,,,,,,,,,,,,,,,,,,,,,,,No
https://doi.org/10.1016/s0140-6736(52)91357-3,Mumps,Mumps,,,,,,,,20,,,,,,,,,,,,,,,,,,,,,,,,,,,,,,,,,,,,,,,No
https://www.cabdirect.org/cabdirect/abstract/19332700727,Pertussis,Pertussis,"United Kingdom, London",,,,,,,7,,,,,,,,,,,,,,,,,,,,,,,,,,,,,,,,,,,,,,,No
https://doi.org/10.1007/s00431-007-0509-9,RSV,Respiratory syncytial virus,"London, United Kingdom","(November 1998, October 1999)",,,75,,,7,,,,,,,0.587,,,,,,,,,,"12.2 mean, 8 median",,,15.9,,,,,,,,,,,,,,,,,,,No
https://doi.org/10.1097/00000441-194609000-00016,Rubella,Rubella,,,,,,,,"(15, 23)",,,,,,,,,,,,,,,,,,,,,,,,,,,,,,,,,,,,,,,No
https://doi.org/10.1126/science.1086616,SARS,SARS,Singapore,2020,,,,,,8.4,,,,,,,,,,,,,,,,,,,,,,,,,,,,,,,,,,,,,,,Yes (No)
https://doi.org/10.4269/ajtmh.1977.26.152,smallpox,smallpox,,,,,,,,18.6,,,,,,,,,,,,,,,,,,,,,,,,,,,,,,,,,,,,,,,No
https://pubmed.ncbi.nlm.nih.gov/10331731/,Tuberculosis,Tuberculosis,Netherlands,"(1993, 1996)","20.8 wks (15.5, 27.8) 95%",,,,,"29.5 wks (22.8, 38.2) 95%",,,,,,,,,,,,,,,,,,,,,,,,,,,,,,,,,,,,,,,No
https://doi.org/10.1093/ije/dyr058,Tuberculosis,Tuberculosis,Netherlands,"(1993, 2007)","1.26 yrs median (1.09, 1.44) 95%; (0, 12.8) yrs range",,,,,"1.44 yrs median (1.29, 1.63) yrs 95%",,,,,,,,,,,,,,,,,,,,,,,,,,,,,,,,,,,,,,,No
https://doi.org/10.1016/s0140-6736(54)90708-4,Varicella,Varicella,,,,,,,,13.9; 14; 15.1,,,,,,,,,,,,,,,,,,,,,,,,,,,,,,,,,,,,,,,No
https://doi.org/10.1016/s0140-6736(52)91357-3,Varicella,Varicella,,,,,,,,14,,,,,,,,,,,,,,,,,,,,,,,,,,,,,,,,,,,,,,,No
https://doi.org/10.1017/S0950268817001303,Campylobacter jejuni,Campylbacteriosis,,,"(2.5, 4.3)",,,,,,,,,,,,,,,,,,,,,,,,,,,,,,,,,,,,,,,,,,2017,,
https://doi.org/10.1016/j.jtbi.2014.10.019,Mycobacterium tuberculosis,Tuberculosis,China,"(2005, 2012)",,,,,"(3.318, 4.302)",,,,,,,,,,,,,,,,,,,,,,,,,,,,,,,,,,,,,,2015,,No
https://doi.org/10.1017/S0950268818001760,Mycobacterium tuberculosis,Tuberculosis,China,2012,,,,,4.3,,,,,,,,,,,,,,,,,,,,,,,,,,,,,,,,,,,,,,2018,,
https://doi.org/10.1183/09031936.00071212,Mycobacterium tuberculosis,Tuberculosis,Hong Kong,,,,270,,,"1.4 years (0.4, 5.2)",,,,,,,,,,,,,,,,,,,,,,,,,,,0.00074,,,,,,,,,,2013,,
https://doi.org/10.1073/pnas.0812472106,Mycobacterium tuberculosis,Tuberculosis,South Africa,"(2004, 2009)",,,,,"1.97 (0.7, 4.6)",,,,,,,,,,,,,,,,,,,,,,,,,,,,,,,,,,,,,,2009,,
https://doi.org/10.1093/oxfordjournals.aje.a009463,Mycobacterium tuberculosis,Tuberculosis,United States,"(1930, 1995)",,,,,0.55,,,,,,,,,,,,,,,,,,,,,,,,,,,,,,,,,,,,,,1998,,
https://doi.org/10.1155/2016/8713924,Mycobacterium tuberculosis,Tuberculosis,"Shaanxi, China","(January 2004, December 2012)",,,273305,,,,,,,,,,,,,,,,,,,,,,,,,,,,,,,,,,,,,,,,2016,,
https://doi.org/10.1287/opre.1080.0571,Mycobacterium tuberculosis,Tuberculosis,Worldwide,Annually (through 2012),,2000000,9000000,,"3.55, (2.01, 8.89) Range",,,,,,,,,,,,,,,,,,,,,,,,,,,,,,,,,,,,,,2015,,
https://doi.org/10.1534/genetics.106.055574,Mycobacterium tuberculosis,Tuberculosis,United States,,,,,,"3.43, (1.4, 79.7) 95% CI",,,,,,,"0.69/year, (0.38, 1.08) 95% CI",,,,,,"1.08 years, (0.64, 1.82) 95% CI ",,,,,,,,,,,,,,,,,,,,,,,,San Francisco,2006,,
https://doi.org/10.1006/tpbi.1998.1366,Mycobacterium tuberculosis,Tuberculosis,,,,,,,,,,,,,,,,,,,,"2.3 years, 3.8 IQR",,,,,,,,,,,,,,,,,,,,,,,,,1997,,No
https://doi.org/10.1534/genetics.111.126466,Mycobacterium tuberculosis,Tuberculosis,,,,,,,"1.02, (1.01, 1.04) 95% CI",,,,,,,"0.19/year, (0.13, 0.24) 95% CI",,,,,,,,,,,,,,,,,,,,,,,,,,,,,,,,,
https://doi.org/10.1183/09031936.00155409,Mycobacterium tuberculosis,Tuberculosis,Netherlands,"(1993, 2007)",,,,,"0.24, (0.21, 0.26) 95% CI",,,,,,,,,,,,,,,,,,,,,,,,,,,,,,,,,,,,,,2010,,
https://doi.org/10.1111/j.1539-6924.2011.01750.x,Mycobacterium tuberculosis,Tuberculosis,Taiwan,,,,,,"(1.65, 1.72)",,,,,,,,,,,,,,,,,,,,,,,,,,,,,,,,,,,,,Eastern Taiwan,2011,,No
https://doi.org/10.1111/j.1539-6924.2011.01750.x,Mycobacterium tuberculosis,Tuberculosis,Taiwan,,,,,,"1.5, (0.45-4.98) 95th Percentile Range",,,,,,,,,,,,,,,,,,,,,,,,,,,,,,,,,,,,,Taipei,2011,,No
https://doi.org/10.1097/EDE.0b013e3182878e19,Mycobacterium tuberculosis,Tuberculosis,Netherlands,"(1997, 2007)",,,8330,,"0.48, (0.44, 0.59) 95% CI",,,,,,,,,,,,,,,,,,,,,,,,,,,,,,,,,,,,,,2013,,
https://doi.org/10.1177/1010539515595068,Mycobacterium tuberculosis,Tuberculosis,India,"(2006, 2011)",,,,,0.92,,,,,,,,,,,,,,,,,,,,,,,,,,,,,,,,,,,,,,2015,,No
https://doi.org/10.1128/JCM.01370-15,Mycobacterium tuberculosis,Tuberculosis,Netherlands,"(1993, 2011)",,,,,"(0.17, 1.04)",,,,,,,,,,,,,,,,,,,,,,,,,,,,,,,,,,,,,,2015,,
https://doi.org/10.3390/ijerph14101192,Mycobacterium tuberculosis,Tuberculosis,China,"(2005, 2016",,,,,"1.786, (1.775, 1.796) 95% CI",,,,,,,,,,,,,,,,,,,,,,,,,,,,,,,,,,,,,,2017,,
https://doi.org/10.4103/2224-3151.206933,NiV,Nipah,Bangladesh,"(2001, 2011)",,150,196,0.765,,,,,,,,,,,,,,,,,,,,"6, (1, 47) Range",,,,,,,,,,,Malaysia,1998,1998,,,,,,2012,,
https://doi.org/10.1017/S0950268815001314,NiV,Nipah,Bangladesh,"(December 2010, March 2011)",,38,43,0.884,0.48,,,,,,,,,,,,,,,,,,,,,,,,,,,,,,,,,,,Pteropus bats,,,2015,,
https://doi.org/10.1056/NEJM200004273421701,NiV,Nipah,Malaysia,"(February 1999, June 1999)",,30,94,0.319,,,,,,,,,,,,,,,,,,,"14.1, (6, 24) Range","10.3, (5, 29) Range","3.5, (1, 14) Range",,,,,,,,,,,,,,,,,Kuala Lumpur,2000,,
https://doi.org/10.1017/S0950268814002635,NiV,Nipah,Bangladesh,"(2007, 2011)","(1, 10)",173,982,0.176,"(0.75, 0.88)",,,"(6, 11)",,,,,,,,,,,,,,,,,,,,,,,,,,,,,,,,,,,2014,,
https://doi.org/10.1086/529147,NiV,Nipah,Bangladesh,"(2001, 2004)","9, (6, 11) Range",67,92,0.728,,,,,,,,,,,,,,,,,,,,"7±4.6 SD, 6 Median, (2, 36) Range",,,,,,,,,,,,,,,,,,,2008,,
https://doi.org/10.1016/S0140-6736(99)04379-2,NiV,Nipah,Singapore,1999,,1,35,0.0286,,,,,,,,,,,,,,,,,,,,,,,,,,,,,,,Malaysia,1998,1998,,,,,,1999,,
https://doi.org/10.1016/j.bjid.2012.10.004,JEV,Japanese Encephalitis Virus,,Annual,"(6, 16)","~15,000","~50,000",0.3,,,,,,,,,0.997,,,,,,,,,,,,,,,,,,,,,,Japan,1871,1871,,"(Culex tritaeniorhynchus, Mansonia indiana, C. pseudovishnui, C. whitmorei, C. gelidus, C. epidesmus, Anopheles subpictus, A. peditaeniatus, M. uniform)",,,,2012,,No
https://doi.org/10.1016/j.bjid.2012.10.004,JEV,Japanese Encephalitis Virus,India,2005,"(6, 16)",1500,6061,0.247,,,,,,,,,,,,,,,,,,,,,,,,,,,,,,,Japan,1871,1871,,"(Culex tritaeniorhynchus, Mansonia indiana, C. pseudovishnui, C. whitmorei, C. gelidus, C. epidesmus, Anopheles subpictus, A. peditaeniatus, M. uniform)",,,Uttar Pradesh,2012,,No
https://doi.org/10.1016/j.bjid.2012.10.004,JEV,Japanese Encephalitis Virus,India,2006,"(6, 16)",528,2320,0.228,,,,,,,,,,,,,,,,,,,,,,,,,,,,,,,Japan,1871,1871,,"(Culex tritaeniorhynchus, Mansonia indiana, C. pseudovishnui, C. whitmorei, C. gelidus, C. epidesmus, Anopheles subpictus, A. peditaeniatus, M. uniform)",,,Uttar Pradesh,2012,,No
https://pubmed.ncbi.nlm.nih.gov/19552100/,JEV,Japanese Encephalitis Virus,India,"(1978, 2007)",,33729,103389,0.3262,,,,,,,,,,,,,,,,,,,,,,,,,,,,,,,Japan,1871,1871,,,,,,,,No
https://doi.org/10.1155/2013/152656,JEV,Japanese Encephalitis Virus,India,"(March 2012, December 2012)",,9,61,0.147,,,,,,,,,,,,,,,,,,,,,"5.4, (1, 12) Range",,,,,,,,,,,,,,,,,Assam,2013,,No
https://doi.org/10.3201/eid2510.190117,H7N9,Avian Influenza A,China,"(2013, 2017)","3.5, (1, 8)",,,,,"9, (6, 11) Range",,,,,,,,,,,,,,,,,,,,,,,,,,,,,,,,,,,,,2019,,
https://doi.org/10.1016/S1473-3099(17)30323-7,H7N9,Avian Influenza A,China,"(2013, 2017)",,494,1220,0.405,,,,,,,,,,,,,,,,,,,,,,,,,,,,,,,,,,,,,,,2017,,
https://doi.org/10.1590/S1806-37132009000500014,H5N1,Avian Influenza A,Worldwide,"(1997, 2008)","(2, 5)",245,387,0.638,,,,,,,,,,,,,,,,,,,,,,,,,,,,,,,,,,,,,,,2009,,
https://doi.org/10.1017/S0950268808000885,H5N1,Avian Influenza A,Romania,"(May 2006, June 2006)","(3, 5)",,,,"(1.95, 2.68)",7,,7,,,,,,,,,,,,,,,,,,,,,,,,,,,,,,,,,,,2008,,
https://doi.org/10.1080/20477724.2017.1355431,ONNV,O'nyong'nyong Virus,Uganda,1996,8,,,,,,,,,,,,0.33,,,,,,,,"(0.03, 0.29)",,,,,,,,,,,,"(0.03, 0.45)",,"Gulu, Uganda",1959,,14,"(Anopheles funestus, Anopheles gambiae)",,,"(Rakai, Masaka, Mbarara)",2017,,
https://www1.health.gov.au/internet/main/publishing.nsf/Content/cda-cdi3202j.htm,BFV,Barmah Forest Virus,Australia,"(January 2007, June 2007)","(5, 21)",,37,,,,,,,,,,,,,,,,,,,,,,,,,,,,,,0.0675,,Australia,1974,,,Aedes vigilax,,,"Lower-Mid North Coast, New South Wales",2008,,
https://doi.org/10.1016/j.micinf.2017.07.001,RRV,Ross River Virus,Australia,Annual,"(7, 9)",,5000,,,,,,,,,,,,,,,,,,,,,,,,,,,,,,,,"Queensland, Australia",1963,,,Aedes Mosquitoes,,,,2017,,No
https://doi.org/10.1186/s13071-018-2733-8,RRV,Ross River Virus,Australia,2015,,,9800,,,,,,,,,,,,,,,,,,,,,,,,,,,,,,,,,,,,,"(Marsupials, placental mammals, birds)",,,2018,,
https://doi.org/10.1186/s13071-018-2733-8,RRV,Ross River Virus,Australia,"(January 2012, February 2012)",,,1200,,,,,,,,,,,,,,,,,,,,,,,,,,,,,,,,,,,,,"(Marsupials, placental mammals, birds)",,Victoria,2018,,
https://doi.org/10.1038/s41426-018-0163-5,MAYV,Mayaro Virus,,,"(7, 12)",,,,,,,,,,,,,,,,,,,,,,,,,,,,,,,,,,Trinidad & Tobago,"(August 1954, September 1954)",,,Aedes aegypti,,,,2018,,
https://doi.org/10.4269/ajtmh.17-0927,EEEV,Eastern Equine Encephalitis Virus,United States,"(2003, 2016)",,50,121,0.413,,,,,,,,,,,,,,,,,,,,,,,,,,,,0.975,3.00E-08,,"Massachussetts, United States",1938,,,Culiseta melanura,,,,2018,,
https://doi.org/10.1097/INF.0000000000000590,EEEV,Eastern Equine Encephalitis Virus,United States,2014,"(5, 8)",,,,,,,,,,,,,,,,,,,,,,,,,,,,,,,,,,,,,,,,,,2015,,
https://doi.org/10.1080/21645515.2019.1602431,KFDV,Kyasanur Forest Disease,India,Annual,,,"(400, 500)","(0.03, 0.10)",,,,,,,,,,,,,,,,,"(0.02, 0.20)",,,,,,,,,,,,,,"Karnataka, India",1957,,,"(Haemaphysalis spinigera, H. turturis)",,"(Rodents, shrews, small mammals, ticks, monkeys)",,,,
https://doi.org/10.1186/s12879-020-05371-2,SARS-CoV-2,COVID-19,Worldwide,"(December 2019, July 2020)","5.24, (3.97, 6.50) 95% CI, (3, 7.4) Range",600000,14000000,0.043,"3.32, (3.24, 3.39) 95% CI, (0.6, 6.47) Range",,,,,,,,,,,,,,,,,,,,7,,,,,,,,,,,,,"213, 21 with >100,000 cases",,,,,2020,,
https://doi.org/10.1186/s12879-020-05371-2,SARS-CoV-2,COVID-19,China,"(December 2019, July 2020)",,,,,,,,,,,,,,,,,,,,,,,,9,,,,,,,,,,,,,,"213, 21 with >100,000 cases",,,,,2020,,
https://doi.org/10.1186/s12879-020-05371-2,SARS-CoV-2,COVID-19,France,"(December 2019, July 2020)",,,,0.174,,,,,,,,,,,,,,,,,,,,,,,,,,,,,,,,,,"213, 21 with >100,000 cases",,,,,2020,,
https://doi.org/10.1186/s12879-020-05371-2,SARS-CoV-2,COVID-19,United Kingdom,"(December 2019, July 2020)",,,,0.155,,,,,,,,,,,,,,,,,,,,,,,,,,,,,,,,,,"213, 21 with >100,000 cases",,,,,2020,,
https://doi.org/10.1186/s12879-020-05371-2,SARS-CoV-2,COVID-19,Italy,"(December 2019, July 2020)",,,,0.144,,,,,,,,,,,,,,,,,,,,,,,,,,,,,,,,,,"213, 21 with >100,000 cases",,,,,2020,,
https://doi.org/10.1186/s12879-020-05371-2,SARS-CoV-2,COVID-19,Mexico,"(December 2019, July 2020)",,,,0.116,,,,,,,,,,,,,,,,,,,,,,,,,,,,,,,,,,"213, 21 with >100,000 cases",,,,,2020,,
https://doi.org/10.1186/s12879-020-05371-2,SARS-CoV-2,COVID-19,Qatar,"(December 2019, July 2020)",,,,0.001,,,,,,,,,,,,,,,,,,,,,,,,,,,,,,,,,,"213, 21 with >100,000 cases",,,,,2020,,
https://doi.org/10.1186/s12879-020-05371-2,SARS-CoV-2,COVID-19,Saudi Arabia,"(December 2019, July 2020)",,,,0.01,,,,,,,,,,,,,,,,,,,,,,,,,,,,,,,,,,"213, 21 with >100,000 cases",,,,,2020,,
https://doi.org/10.1186/s12879-020-05371-2,SARS-CoV-2,COVID-19,Iran,"(December 2019, July 2020)",,,,0.05,,,,,,,,,,,,,,,,,,,,,,,,,,,,,,,,,,"213, 21 with >100,000 cases",,,,,2020,,
https://doi.org/10.1186/s12879-020-05371-2,SARS-CoV-2,COVID-19,United States,"(December 2019, July 2020)",,,,0.04,,,,,,,,,,,,,,,,,,,,,,,,,,,,,,,,,,"213, 21 with >100,000 cases",,,,,2020,,
https://doi.org/10.1186/s12879-020-05371-2,SARS-CoV-2,COVID-19,Bangladesh,"(December 2019, July 2020)",,,,0.013,,,,,,,,,,,,,,,,,,,,,,,,,,,,,,,,,,"213, 21 with >100,000 cases",,,,,2020,,
https://doi.org/10.1101/2020.05.07.20094169,SARS-CoV-2,COVID-19,Saudi Arabia,March 2020,,4,150,0.027,,,,,,,,,0.31,,,,,,,,,,,,,"9.2, 3.9 SD, (2, 23) Range",,,,,,,,,"Wuhan, China",December 2019,,,,,,,2020,,
https://doi.org/10.1016/j.eclinm.2020.100448,SARS-CoV-2,COVID-19,Kuwait,"(February 2020, April 2020)",,19,1096,0.017,,,,,,,,,0.431,,,,,,,,,,,,,"18, (13, 24) IQR",,,,,,,,,,,,,,,,"Jaber Al-Ahmad Al-Sabah Hospital, South Surra",2020,,
https://doi.org/10.1001/jamainternmed.2020.0994,SARS-CoV-2,COVID-19,China,"(December 2019, February 2020)",,,201,,,,,,,,,,,,,,,,,,,,,,,"13, (10, 16) IQR",,,,,,,,,,,,37,,,,Wuhan,2020,,
https://doi.org/10.1016/S0140-6736(20)31483-5,SARS-CoV-2,COVID-19,Spain,"(December 2019, July 2020)",,28000,249000,0.112,,,,,,,,,"(0.219, 0.358)",,,,,,,,,,,,,,,,,,,,,,,,,,,,,,,,
https://doi.org/10.1038/s41586-020-2488-1,SARS-CoV-2,COVID-19,Italy,February 2020 (pre-lockdown),,,73,,"2.49, (1.31, 4.00) 95% CI","7.6, (6.4, 8.7) 95% CI",,"(3.6, 6.5)",,,,,"0.397, (0.285, 0.519) 95% CI",,,,,,,,,,"9.3, 2 SD, (8, 13) Range",,,,,,,,,,"0.026, (0.021, 0.033) 95% CI",,Wuhan. China,December 2019,,,,,,"Vo', Veneto",2020,,
https://doi.org/10.1038/s41586-020-2488-1,SARS-CoV-2,COVID-19,Italy,March 2020 (post lockdown),,,29,,"0.41, (0.21, 0.63) 95% CI","6.2, (2.6, 10.7) 95% CI",,"(3.6, 6.5)",,,,,"0.448, (0.265, 0.643) 95% CI",,,,,,,,,,"9.3, 2 SD, (8, 13) Range",,,,,,,,,,"0.012, (0.008, 0.018) 95% CI",,Wuhan. China,December 2019,,,,,,"Vo', Veneto",2020,,
https://doi.org/10.1016/S1473-3099(20)30144-4,SARS-CoV-2,COVID-19,China,January 2020,"5.2, 3.7 SD",,,,"(1.6, 2.6)",,"5.2, 3.7 SD",,,"6.1, 2.5 SD",,,,,,,,,,,,,,,,,,,,,,,,,,,,,,,,Wuhan,2020,,
https://doi.org/10.3390/jcm9020538,SARS-CoV-2,COVID-19,China,"(November 2019, January 2020)","5.6, (5.0, 6.3) 95% CI",259,11791,0.022,,,,,,,,,,,,,,,,,,,,"15.1 (12.7, 17.8) 95% CI","3.3 (2.7, 4.0) 95% CI for living cases, 6.5 (5.2, 8.0) 95% CI for deaths",,,,,,,,,,,,,,,,,,2020,,
https://doi.org/10.2807/1560-7917.ES.2020.25.5.2000062,SARS-CoV-2,COVID-19,China,January 2020,"6.4 (5.6, 7.7) 95% CI, (2.1, 11.1) Range",,88,,,,,,,,,,,,,,,,,,,,,,,,,,,,,,,,,,,,,,,outside of Wuhan,2020,,
https://doi.org/10.3760/cma.j.cn112338-20200205-00069,SARS-CoV-2,COVID-19,China,January 2020,5.01 (95%CI: 4.31-5.69),,,,"3.91 (3.71, 4.11) 95% CI",6.03 (95%CI: 5.20-6.91),,,,,,,,,,,,,,,,,,,,,,,,,,,,,,,,,,,,,2020,"Check with clients how to represent R0 when presented for different methods (exponential growth, MLE, and SEIR modeling in this case)",No
https://doi.org/10.1101/2020.02.21.20026112,SARS-CoV-2,COVID-19,China,"(21 January 2020, 14 February 2020)","7.4286, (2, 20) 95% CI",,1212,,,,,,,,,,,,,,,,,,,,,,,,,,,,,,,,,,,,,,,Henan,2020,,
https://doi.org/10.1056/NEJMoa2002032,SARS-CoV-2,COVID-19,China,"(December 2019, January 2020)","4 (2, 7) IQR",15,1099,0.014,,,,,,,,,,,,,,,,,,,,,,"12.8 mean, 12 median",,,,,,,,,,,,,,,,,2020,,
http://dx.doi.org/10.2139/ssrn.3542150,SARS-CoV-2,COVID-19,China,"(January 2020, February 2020)",,813,37251,0.022,"3.39 (3.09, 3.70) 95% CI",,,,,,,,,,,,,,,,,,,,,,,,,,,,,,,,,,,,,,2020,,
https://doi.org/10.1371/journal.ppat.1002836,CedPV,,,,,,,,,,,,,,,,,,,,,,,,,,,,,,,,,,,,,,"Cedar Grove, Australia",2012,,,,Bats,,,2012,Cedar Virus - Not detected in humans,
https://dx.doi.org/10.4254/wjh.v3.i12.285,HEV,Hepatitis,,,"40, (15, 60)",,,,,,,,,,,,1:3,,,,,,,,,"(0.05, 0.3)",,,,,,,,,,,,,"New Dehli, India",,1955,,,,,,2011,,
https://dx.doi.org/10.4254/wjh.v3.i12.285,HEV,Hepatitis,,,,,,,,,,,,,,,,,,,,,,,,"(0.15, 0.25) (in pregnant women)",,,,,,,,,,,,,,,,,,,,,2011,,
https://doi.org/10.1016/j.ijgo.2003.11.018,HEV,Hepatitis,,,,,,,,,,,,,,,,,,,,,,,,0.269,,,,,,,,,,,,,,,,,,,,,2004,,
https://doi.org/10.1093/aje/kwq225,HEV,Hepatitis,Bangladesh,"(2003, 2005)",,,,,,,,,,,,,,,,,,,,,,,,,,,,,,,,,0.0603,,,,,,,,,,2010,,
https://doi.org/10.1002/hep.24674,HEV,Hepatitis,,,,,,"(0.05, 0.4) (among hospitalized patients)",,,,,,,,,,,,,,,,,,,,,,,,,,,,,,,,,,,,Pigs,,,2011,,
https://doi.org/10.1111/j.1478-3231.2008.01840.x,HEV,Hepatitis,,,,,,,,,,,,,,,,,,,,,,,,,,,,,,,,,,,"(0.01, 0.15)",,,,,,,,,,2008,,
https://doi.org/10.1016/s0020-7292(00)00264-2,HEV,Hepatitis,North India,,,,74,,,,,,,,,,,,,,,,,,,0.45,,,,,,,,,,,,,,,,,,,,,2001,in pregnant women,
https://doi.org/10.1007/BF02722743,HEV,Hepatitis,North India,"(1997, 1998)",,,22,,,,,,,,,,,,,,,,,,,0.64,,,,,,,,,,,,,,,,,,,,,2003,in pregnant women,
https://doi.org/10.1046/j.1365-2893.2003.00398.x,HEV,Hepatitis,"Kashmir, India","(1993, 1996)",,,65,,,,,,,,,,,,,,,,,,,0.55,,,,,,,,,,,,,,,,,,,,,2003,in pregnant women,
https://dx.doi.org/10.14218/JCTH.2015.00009,HEV,Hepatitis,,,"40, (14, 60)",,,,,,,,,,,,,,,,,,,,,<0.25,,,,,,,,,,,,,,1983,,,,"Pigs, Chickens, Rabbits, Primates",,,2015,,
https://doi.org/10.3934/mbe.2013.10.1455,DENV,Dengue,"Chile, Easter Island",2002,"5.5 (4, 7) 95% CI",,550,,"27.2 (14.8, 49.3) 95% CI",,,"5 (3, 7) 95% CI",,,,0.7,,,,,,,,,,,,,,,,,,,,,,,,,,,Aedes aegypti,,,,,,
https://doi.org/10.1371/journal.pntd.0006876,ZIKV,Zika,Dominican Republic,"(2015, 2016)",,,"5,235",,"1.80 (1.78, 1.82) 95% CI",22,,,,,,,,,,,,,,,0.00052,,,,,,,,,,,,0.0055,,,,,,Aedes mosquitoes,,,,2018,,
https://doi.org/10.1371/journal.pntd.0006876,DENV,Dengue,Dominican Republic,"(2015, 2016)",,,,,,,,,,,,,,,,,,,,,0.002374,,,,,,,,,,,,,,,,,,Aedes mosquitoes,,,,2018,,
https://doi.org/10.1371/journal.pntd.0006618,DENV,Dengue,India,"(1970, 2017)",,,,"0.026 (0.02, 0.034) 95% CI",,,,,,,,,,,,,,,,,,,,,,,,,,,,,"0.569 (0.375, 0.744) 95% CI",,,,,,,,,,,,
https://doi.org/10.1371/journal.pone.0212218,CHIKV,Chikungunya,Bangladesh,"(September 2011, December 2011)",,0,1769,0,,,,,,,,,,,,,,,,,"0.30 (0.27, 0.33) 95% CI",,,,,,,,,,,,,,,,,,"(Aedes aegypti, Aedes albopictus)",,,,2019,,
https://doi.org/10.1016/S0140-6736(11)60281-X,CHIKV,Chikungunya,Worldwide,"(2005, 2012)","(2, 4) average, (1, 12) Range",,,0.001,,,,,,,,,"(0.03, 0.25)",,,,,,,,,,,,,,,,,,,,,,"Makonde Plateau, Tanzania","(1952, 1953",,,"(Aedes albopictus, Aedes furcifer-taylori, Aedes africanus, Aedes luteocephalus, Aedes aegypti)",,,,2012,,No
https://doi.org/10.1016/S0140-6736(11)60281-X,CHIKV,Chikungunya,Reunion Island (French Region),"(2005, 2006)","(2, 4) average, (1, 12) Range",203,244000,0.00083,,,,,,,,,,,,,,,,,0.35,,,,,,,,,,,,~0.33,,"Makonde Plateau, Tanzania","(1952, 1953",,,Aedes albopictus,,,,2012,,No
https://doi.org/10.1086/517537,CHIKV,Chikungunya,Reunion Island (French Region),"(2005, 2006)",,5,157,0.032,,,,,,,,,,,,,,,,,,,,,"2.1, 1.6 SD","9.2, 7.3 SD, (0, 46) Range",,,,,,,,,Tanzania,1953,,,,,,,2007,,
https://pubmed.ncbi.nlm.nih.gov/22582542/,Salmonella Typhi,Typhoidal Salmonellosis,"Selangor, Malaysia",2009,"16.5 mean, 18 median, (3, 21) Range",,12,,,,,,,,,,,,,,,,,,,,,,,,,,,,,,,,,,,,,,,,2012,,
https://www.ncbi.nlm.nih.gov/pmc/articles/PMC1929736/,Salmonella Typhi,Typhoidal Salmonellosis,United States,1960,"20.9 mean, 20 median, (7, 34) Range",,31,,,,,,,,,,,,,,,,,,,,,,,,,,,,,,,,,,,,,,,,1961,,
https://doi.org/10.1007/bf02277062 ,Salmonella Typhi,Typhoidal Salmonellosis,United States,1990,"14 mean, 14 median, (1, 28) Range",,24,,,,,,,,,,,,,,,,,,,,,,,,,,,,,,,,,,,,,,,,1995,,
https://doi.org/10.4269/ajtmh.15-0484,Salmonella Typhi,Typhoidal Salmonellosis,Japan,2014,"17.4 mean, 17 median, (10, 27) Range",,7,,,,,,,,,,,,,,,,,,,,,,,,,,,,,,,,,,,,,,,,2016,,
https://doi.org/10.1007/s10654-005-7454-6,Salmonella Typhi,Typhoidal Salmonellosis,Ivory Coast,2001,"21.4 mean, 23 median, (9, 34) Range",,24,,,,,,,,,,,,,,,,,,,,,,,,,,,,,,,,,,,,,,,,2005,,
https://doi.org/10.1016/s0140-6736(83)91395-8,Salmonella Typhi,Typhoidal Salmonellosis,,,"11.4 mean, 9 median, (3, 41) Range",,235,,,,,,,,,,,,,,,,,,,,,,,,,,,,,,,,,,,,,,,,1983,,No
https://journals.co.za/docserver/fulltext/m_samj/57/9/15691.pdf?expires=1606511777&id=id&accname=guest&checksum=A16CDC1F3E26F663578B43ED84780257,Salmonella Typhi,Typhoidal Salmonellosis,South Africa,1978,10.6 mean,,69,,,,,,,,,,,,,,,,,,,,,,,,,,,,,,,,,,,,,,,,1980,,
https://doi.org/10.1007/s100960000300,Salmonella Typhi,Typhoidal Salmonellosis,"French Riviera, France",1997,"17.1 mean, 17 median, (9, 33) Range",,26,,,,,,,,,,,,,,,,,,,,,,,,,,,,,,,,,,,,,,,,2000,,
https://doi.org/10.2105/ajph.16.10.1011,Salmonella Typhi,Typhoidal Salmonellosis,United States,1925,"14.7 mean, 13 median, (2, 41) Range",6,35,0.171,,,,,,,,,,,,,,,,,,,,,,,,,,,,,,,,,,,,,,,1926,,
https://doi.org/10.1001/jama.1914.02570180023005,Salmonella Typhi,Typhoidal Salmonellosis,United States,1914,"10.5 mean, 8 median, (4, 29) Range",3,84,0.036,,,,,,,,,,,,,,,,,,,,,,,,,,,,,,,,,,,,,,,1914,,
https://doi.org/10.1093/cid/ciu078,Salmonella Typhi,Typhoidal Salmonellosis,United Kingdom,2011,8 median,,24,,,,,,,,,,,,,,,,,,,,,,,,,,,,,,,,,,,,,,,,2014,,
https://doi.org/10.1177/146642405007000201,Salmonella Typhi,Typhoidal Salmonellosis,United Kingdom,1949,"9.1 mean, 9 median, (6, 21) Range",,41,,,,,,,,,,,,,,,,,,,,,,,,,,,,,,,,,,,,,,,,1950,,
https://doi.org/10.1001/jama.1917.04270040151004,Salmonella Typhi,Typhoidal Salmonellosis,United States,1916,"7 mean, 7 median, (5, 12) Range",3,23,0.1304,,,,,,,,,,,,,,,,,,,,,,,,,,,,,,,,,,,,,,,1917,,
https://doi.org/10.1101/2020.03.21.20040329,,,,,,,,,,,,,,,,,,,,,,,,,,,,,,,,,,,,,,,,,,,,,,,,,
https://doi.org/10.1093/oxfordjournals.aje.a120576,Measles,Measles,,,"(10, 14) range",,,,,,,,,,,,,,,,,,,,,,,,,,,,,,,,,,,,,,,,,,,,No
https://doi.org/10.1093/clinids/5.3.452,Measles,Measles,West Africa,,,,,0.2,,,,,,,,,,,,,,,,,,,,,,,,,,,,,,,,,,,,,,,,,No
https://doi.org/10.1111/risa.12637,MEV,MEV,,,,,,,,,,,,,,,,,,"(9, 18) range",,,,,,,,,,,,,,,,,,,,,,,,,,,,,No
https://doi.org/10.1016/j.vaccine.2012.01.080,smallpox,smallpox,,,,,,,,,,,,,,,,,,"(5, 7) range",,,,,,,,,,,,,,,,,,,,,,,,,,,,,Yes (Yes)
https://doi.org/10.1111/risa.12044,polioviruses,polioviruses,,,,,,,,,,,,,,,,,,"(4, 13) range",,,,,,,,,,,,,,,,,,,,,,,,,,,,,No
https://doi.org/10.1093/ije/dyn224,Measles,Measles,,,,,,0.0001 industrialized countries; 0.05 developing countries,,,,,,,,,,,,,,,,,,,,,,,,,,,,,,,,,,,,,,,,,No
https://doi.org/10.1016/s0140-6736(10)62352-5,Measles,Measles,,2008,,"164,000",,,,,,,,,,,,,,,,,,,,,,,,,,,,,,,,,,,,,,,,,,,No
https://dx.doi.org/10.3201/eid2308.170143.,H5N8,Influenza,,,,,,,,,,,,,,,,,,,,,,,,,,,,,,,,,,,,,China,2010,,,,,,,2017,,
https://dx.doi.org/10.3201/eid2110.141660.,MAYV,Mayaro,Venezuela,2010,,,104,,,,,,,,,,,,,,,,,,,,,,,,,,,,,,,,Trinidad,1954,,,,,,,,,
https://doi.org/10.3201/eid1301.061094,AHFV,Alkhurma hemorrhagic fever,,,,,20*,,,,,,,,,,,,,,,,,,,0.3*,,,,,,,,,,,,,Saudi Arabia,,1995,,Ticks,,,,,*approximate,
https://dx.doi.org/10.3201%2Feid1612101092,AHFV,Alkhurma hemorrhagic fever,Egypt,2010,,,2,,,,,,,,,,,,,,,,,,,,,,,,,,,,,,,,,,,,,"Camels, Sheep",,,,,
https://doi.org/10.1089/vbz.2014.1755,CTFV,Colorado Tick Fever,US,"(2002, 2012)","(1,14)",,75,,,,,,,,,,,,,,,,,,,,,,,,,,,,,,,,,,,,,,,,,,
https://doi.org/10.1016/j.jinf.2012.11.013,Vibrio cholerae,Cholera,,,"1.4, (1.3, 1.6) 95% CI",,,,,,,,,,,,,,,,,,,,,,,,,,,,,,,,,,,,,,,,,,,,
https://doi.org/10.1016/j.prevetmed.2008.01.006,USUV,Usutu Virus,Austria,2001,,,,,0.66,,,,,,,,,,,,,,,,,0.0012,,,,,,,,0.182,,,,,Austria,2001,,,Culex pipiens,"(Strix nebulosa, Terdus merula)",,,2008,"Among birds, especially Turdus merula and Strix nebulosa. Rarely infects mammals",No
https://doi.org/10.1016/j.prevetmed.2008.01.006,USUV,Usutu Virus,Austria,2002,,,,,1.06,,,,,,,,,,,,,,,,,0.0012,,,,,,,,0.182,,,,,Austria,2001,,,Culex pipiens,"(Strix nebulosa, Terdus merula)",,,2008,"Among birds, especially Turdus merula and Strix nebulosa. Rarely infects mammals",No
https://doi.org/10.1016/j.prevetmed.2008.01.006,USUV,Usutu Virus,Austria,2003,,,,,1.35,,,,,,,,,,,,,,,,,0.0012,,,,,,,,0.182,,,,,Austria,2001,,,Culex pipiens,"(Strix nebulosa, Terdus merula)",,,2008,"Among birds, especially Turdus merula and Strix nebulosa. Rarely infects mammals",No
https://doi.org/10.1016/j.prevetmed.2008.01.006,USUV,Usutu Virus,Austria,2004,,,,,0.54,,,,,,,,,,,,,,,,,0.0012,,,,,,,,0.182,,,,,Austria,2001,,,Culex pipiens,"(Strix nebulosa, Terdus merula)",,,2008,"Among birds, especially Turdus merula and Strix nebulosa. Rarely infects mammals",No
https://doi.org/10.1016/j.prevetmed.2008.01.006,USUV,Usutu Virus,Austria,2005,,,,,0.71,,,,,,,,,,,,,,,,,0.0012,,,,,,,,0.182,,,,,Austria,2001,,,Culex pipiens,"(Strix nebulosa, Terdus merula)",,,2008,"Among birds, especially Turdus merula and Strix nebulosa. Rarely infects mammals",No
https://doi.org/10.1016/j.ijid.2014.05.013,KFVD,Kyasanur Forest Virus,"Karnataka, India","(January 2014, March 2014)","(3, 8)",,,"(0.03, 0.05)",,,,,,,,,,,,,,,,,,,,,,,,,,,,,,,"Karnataka, India",1957,,,,,,,,,
https://doi.org/10.1016/j.ijid.2017.06.004,KFVD,Kyasanur Forest Virus,"Goa, India","(March 2016, June 2016)","(6, 7)",0,13,0,,,,,,,,,,,,,,,,,,,,,,,,,,,,,,,"Karnataka, India",1957,,,,,,,,,
https://doi.org/10.1371/journal.pntd.0006707,AHFV,Alkhurma hemorrhagic fever virus,Saudi Arabia,,,,,0.04,,,,,,,,,,,,,,,,,,,,,,,,,,,,,,,"Jeddah, Saudi Arabia",1995,1995,,,,,,2018,,
https://doi.org/10.1016/j.jinf.2010.09.032,ALKV,Alkhurma Virus,"Najran, Saudi Arabia","(August 2003, December 2009)",,,78,,,,,,,,,,,,,,,,,,,,,,,"6.2, 3.3 SD, (1, 19)",,,,,,,,,"Jeddah, Saudi Arabia",1995,,,Culex,,,,2010,,No
https://www.eurosurveillance.org/content/10.2807/ese.17.29.20226-en,Measles,Measles,"Merseyside, United Kingdom","(January 2012, June 2012)",,0,359,,"1.2 (1.1, 1.3) 95% CI",,,,,,,,,,,,,,,,,,,,,,,,,,,,,,,,,,,,,,,,
https://doi.org/10.1016/S1473-3099(16)00004-9,Measles,Measles,"San Diego, United States",,,,,,3.39,,,,,,,,,,,,,,,,,,,,,,,,,,,,,,,,,,,,,,2016,,
https://doi.org/10.3201/eid1602.090552,HeV,Hendra,"Brisbane, Australia",,"(9, 16)",1,2,,,,,,,,,,,,,,,,,,,,,,,,,,,,,,,,,,,,,Pteropus,Horses,,2010,,
https://doi.org/10.1371/journal.pntd.0005227,ABLV,Australian Bat Lyssavirus,"Queensland, Australia","(2009, 2014)","(4 weeks, 27 months)",3,3,,,,,,,,,,,,,,,,,,,,,,,,,,,,,,,,"New South Wales, Australia",1996,,,,"(Pteropctus alecto, P. poliocephalus, P. conspicillatus, P. scapulatus, Saccolaimus flaviventris)",,,2016,,
https://doi.org/10.1016/j.parint.2020.102229,Leishmania,Leishmaniasis,,,,,,,,,,,,,,,"0.649 (0.547, 0.739) 95% CI",,,,,,,,,,,,,,,,,,,,,,,,,,,,,,2020,,No
https://doi.org/10.1016/S1473-3099(19)30294-4,Monkeypox,Monkeypox,Nigeria,"(2007, 2008)",,7,122,0.057,,,,,,,,,,,,,,,,,,,,,,,,,,,,,,,,,,,,,,,2019,,
https://doi.org/10.1371/journal.pmed.1002611,ZIKV,Zika Virus,Americas,"(April 2015, April 2018)",,,36,,,"12, (10, 14.5) IQR",,"39.6 median (29.9, 49.0) 95% CI for male genital tract, 13.9 (7.2, 19.6) 95% CI for female genital tract, 6.8 (4.3, 9.6) 95% CI for saliva",,,,,0.06,,,,,,,,,,,,,,,,,,,,,,,,,,Aedes spp. mosquitoes,,,,,Focuses on sexual transmission of ZIKV,
https://doi.org/10.1016/j.epidem.2016.10.003,ZIKV,Zika Virus,"Barranquilla, Colombia",2015,,,,,"3.8, (2.4, 5.6) 95% CI",,,,,,,,,,,,,,,,,,,,,,,,,,,,,,,,,,,,,,2016,,No
https://doi.org/10.1038/srep28070,ZIKV,Zika Virus,"(Brazil, Colombia, El Salvador)","(April 2015, February 2016)","(2, 7)",,,,"2.055 (0.523, 6.300) 95% CI",,,,,,,,,,,,,,,,,,,,,,,,,,,,,,"(Uganda (detected in monkeys), Nigeria (detected in humans)",1947,1954,,Aedes,,,,2016,,
https://doi.org/10.1093/milmed/usx092,smallpox,smallpox,,,,,,,"4.52 (3.84, 5.20) 95%, 1.94 SD; 4.00 median; (1.5, 10) range; (3, 5) range for 75% of studies",,"11.92 (11.71, 12.14) 95%, 0.69 SD; 12.00 median; (11, 12) range for 88% of studies","12.08 (10.94, 13.23) 95%, 3.68 SD; 12.00 median; (4, 20) range",,,,,,,,,,,,,,,,,,,,,,,,,,,,,,,,,,,,,
https://doi.org/10.1016/j.mbs.2005.01.006,smallpox,smallpox,,,,,,,3.2,,12,13,,,,,,,,,,,,,,,,,,,,,,,,,,,,,,,,,,,,,
https://doi.org/10.1016/j.mbs.2005.03.006,smallpox,smallpox,,,,,,,3,,12,16,,,,,,,,,,,,,,,,,,,,,,,,,,,,,,,,,,,,,
https://doi.org/10.3934/mbe.2013.10.1475,smallpox,smallpox,,,,,,,3,,12,16,,,,,,,,,,,,,,,,,,,,,,,,,,,,,,,,,,,,,
https://doi.org/10.1038/nature02541,smallpox,smallpox,,,,,,,3.4,,12,4,,,,,,,,,,,,,,,,,,,,,,,,,,,,,,,,,,,,,
https://doi.org/10.1089/bsp.2012.0037,smallpox,smallpox,,,,,,,3; 6.9; 10,,"(8, 17) range",10,,,,,,,,,,,,,,,,,,,,,,,,,,,,,,,,,,,,,
https://doi.org/10.1038/414748a,smallpox,smallpox,"Nigera, Abakaliki",1967,,,,,"(3.5, 6) range",,11.6,8.6,,,,,,,,,,,,,,,,,,,,,,,,,,,,,,,,,,,,,
https://doi.org/10.1371/journal.pone.0162481,smallpox,smallpox,"Bangladesh, Dacca","(1972, 1973)",,,,,"(3.5, 10) range",,11.6,18.3,,,,,,,,,,,,,,,,,,,,,,,,,,,,,,,,,,,,,
http://dx.doi.org/10.1038/srep00810,smallpox,smallpox,Great Britain,,,,,,5,,12,12,,,,,,,,,,,,,,,,,,,,,,,,,,,,,,,,,,,,,
https://doi.org/10.1177/0272989x14561681,smallpox,smallpox,Great Britian,,,,,0.3,5,,12,"(8, 11) range",,,0.1,,,,,,,,,,,,,,,,,,,,,,,,,,,,,,,,,,
https://doi.org/10.1017/s0950268806007783,smallpox,smallpox,,,,,,,5,,12,8.6,,,,,,,,,,,,,,,,,,,,,,,,,,,,,,,,,,,,,
https://doi.org/10.1186/1471-2334-10-25,smallpox,smallpox,,,,,,,5,,12,8.6,,,,,,,,,,,,,,,,,,,,,,,,,,,,,,,,,,,,,
https://doi.org/10.1073/pnas.162282799,smallpox,smallpox,,,"12.5, 2.2 SD",,,,3,,11,12,,,,,,,,,,,,,,,,,,,,,,,,,,,,,,,,,,,,,
https://doi.org/10.1016/s0025-5564(03)00090-7,smallpox,smallpox,Great Britain,,,,,,3,,11,12,,,,,,,,,,,,,,,,,,,,,,,,,,,,,,,,,,,,,
https://doi.org/10.1016/j.ejor.2011.12.036,smallpox,smallpox,,,,,,,3,,11,12,,,,,,,,,,,,,,,,,,,,,,,,,,,,,,,,,,,,,
https://doi.org/10.3201/eid0706.010607,smallpox,smallpox,,,,,,,3,,11.7,12,,,,,,,,,,,,,,,,,,,,,,,,,,,,,,,,,,,,,
https://doi.org/10.3201/eid1005.030419,smallpox,smallpox,,,,,,,5.2,,"(12, 15) range",14,,,,,,,,,,,,,,,,,,,,,,,,,,,,,,,,,,,,,
https://doi.org/10.2188/jea.14.41,smallpox,smallpox,,,,,,,6.9,,14.6,8.6,,,,,,,,,,,,,,,,,,,,,,,,,,,,,,,,,,,,,
https://doi.org/10.1007/s10156-005-0373-3,smallpox,smallpox,Japan,,,,,,1.5,,"(5, 17) range","(11, 15) range",,,,,,,,,,,,,,,,,,,,,,,,,,,,,,,,,,,,,
https://doi.org/10.1371/journal.pcbi.1000280,smallpox,smallpox,,,,,,,,,12,16,,,,,,,,,,,,,,,,,,,,,,,,,,,,,,,,,,,,,
"Zenihana, Tomohiro, and Hirofumi Ishikawa. ""Effectiveness assessment of countermeasures against bioterrorist smallpox attacks in Japan using an individual-based model."" Environmental health and preventive medicine 15.2 (2010): 84-93.",smallpox,smallpox,Japan,,,,,,,,12,8.5,,,,,,,,,,,,,,,,,,,,,,,,,,,,,,,,,,,,,
"	Adivar B , Selen ES: Compartmental disease transmission models for smallpox. Discrete and Continuous Dynamic Systems, American Institute of Mathematical Sciences, Springfield, MO, USA, Sept. 2011:13–21.",smallpox,smallpox,,,,,,,5,,12,16,,,,,,,,,,,,,,,,,,,,,,,,,,,,,,,,,,,,,
"Jezic, Gordan, et al. ""Agent and Multi-Agent Systems: Technologies and Applications.""",smallpox,smallpox,,,,,,,,,12,8,,,,,,,,,,,,,,,,,,,,,,,,,,,,,,,,,,,,,
https://doi.org/10.1098/rsif.2014.1387,smallpox,smallpox,,,,,,,5,,12,7,,,,,,,,,,,,,,,,,,,,,,,,,,,,,,,,,,,,,
https://doi.org/10.1016/j.cie.2013.07.002,smallpox,smallpox,,,,,,,,,12,9,,,,,,,,,,,,,,,,,,,,,,,,,,,,,,,,,,,,,
https://doi.org/10.2807/ese.15.35.19651-en,smallpox,smallpox,,,,,,,,,"(7, 19) range",20,,,,,,,,,,,,,,,,,,,,,,,,,,,,,,,,,,,,,
10.2495/SAFE090271,smallpox,smallpox,,,,,,,,,13,11,,,,,,,,,,,,,,,,,,,,,,,,,,,,,,,,,,,,,
"Kress, Moshe. ""Policies for biodefense revisited: The prioritized vaccination process for smallpox."" Annals of Operations Research 148.1 (2006): 5.",smallpox,smallpox,,,,,,,3,,11.5,15,,,,,,,,,,,,,,,,,,,,,,,,,,,,,,,,,,,,,
https://doi.org/10.1093/aje/kwg103,smallpox,smallpox,,,,,,,6.9,,11.6,16,,,,,,,,,,,,,,,,,,,,,,,,,,,,,,,,,,,,,
https://doi.org/10.1093/aje/kwg104,smallpox,smallpox,,,,,,,5,,11.6,16,,,,,,,,,,,,,,,,,,,,,,,,,,,,,,,,,,,,,
https://doi.org/10.1126/science.1074674,smallpox,smallpox,,,,,,,3.2; 1.8,,12,15.5,,,,,,,,,,,,,,,,,,,,,,,,,,,,,,,,,,,,,
https://doi.org/10.1073/pnas.0510873103,smallpox,smallpox,,,,,,,1.5; 2.6; 5.4,,11.6,16,,,,,,,,,,,,,,,,,,,,,,,,,,,,,,,,,,,,,
https://doi.org/10.1017/s0950268803008811,smallpox,smallpox,,,,,,,1.8; 4.5,,12,12,,,,,,,,,,,,,,,,,,,,,,,,,,,,,,,,,,,,,
https://doi.org/10.1177/0272989x10369003,smallpox,smallpox,,,,,,,10.5,,11.5,8,,,,,,,,,,,,,,,,,,,,,,,,,,,,,,,,,,,,,
https://doi.org/10.1073/pnas.0600816103,smallpox,smallpox,,,,,,,4,,12,15.8,,,,,,,,,,,,,,,,,,,,,,,,,,,,,,,,,,,,,
https://doi.org/10.1017/s0950268803001390,smallpox,smallpox,,,,,,,3,,14.6,8.6,,,,,,,,,,,,,,,,,,,,,,,,,,,,,,,,,,,,,
https://doi.org/10.1007/s10729-005-4138-4,smallpox,smallpox,,,,,,,6,,11.6,15.3,,,,,,,,,,,,,,,,,,,,,,,,,,,,,,,,,,,,,
https://doi.org/10.1086/524382,smallpox,smallpox,,,,,,,4,,11.5,5,,,,,,,,,,,,,,,,,,,,,,,,,,,,,,,,,,,,,
"Chen, Li-Chiou, et al. ""Aligning simulation models of smallpox outbreaks."" International Conference on Intelligence and Security Informatics. Springer, Berlin, Heidelberg, 2004.",smallpox,smallpox,,,,,,,4.9,,11.6,16,,,,,,,,,,,,,,,,,,,,,,,,,,,,,,,,,,,,,
https://doi.org/10.1016/j.ijid.2006.03.002,smallpox,smallpox,,,,,,,,,11.5,11,,,,,,,,,,,,,,,,,,,,,,,,,,,,,,,,,,,,,
https://doi.org/10.1001/dmp.2012.45,smallpox,smallpox,,,,,,,,,11.6,12,,,,,,,,,,,,,,,,,,,,,,,,,,,,,,,,,,,,,
https://doi.org/10.1056/nejmsa025075,smallpox,smallpox,,,,,,,15.4; 3.4; 1.8,,12,8.5,,,,,,,,,,,,,,,,,,,,,,,,,,,,,,,,,,,,,
https://doi.org/10.1016/j.mcm.2011.03.008,smallpox,smallpox,,,,,,,10,,11.6,12.6,,,,,,,,,,,,,,,,,,,,,,,,,,,,,,,,,,,,,
https://dx.doi.org/10.3201%2Feid1810.120621,POWV,powassan virus encephalitis,"Minnesota, United States",2011,"(7,28)",,,~0.1,,,,,,,,,,,,,,,,,,,,,,,,,,,,,,,,,,,,,,,,,
https://dx.doi.org/10.3201%2Feid1806.111688,MELV,,,,7,,,,,,,,,,,,,,,,,,,,,,,,,,,,,,,,,,,2007,,,,Bats,,,,,
https://doi.org/10.1371/journal.pntd.0001801,LUJV,lujo,"Johannesburg, South Africa",2008,,4,5,0.8,,,,,,,,,,,,,,,,,,,,,,,,,,,,,,,Southern Africa,2008,,,,,,,,,
https://doi.org/10.1007/978-1-4899-7448-8_8,LASV,Lassa HF,,,,,,0.25,,,,,,,,,,,,,,,,,,,,,,,,,,,,,,,,,,,,Mastomys natalensis,,,,,
https://doi.org/10.1056/NEJM199010183231607,LASV,Lassa HF,,,"(7,18)",,,,,,,,,,,,,,,,,,,,,,,,,,,,,,,,,,Nigeria,1969,,,,Mastomys natalensis,,,1990,,
https://doi.org/10.4269/ajtmh.1970.19.670,LASV,Lassa HF,Nigeria,,,2,3,,,,,,,,,,,,,,,,,,,,,,,,,,,,,,,,,,,,,,,,,,
https://doi.org/10.4102/safp.v62i1.5116,LASV,Lassa HF,,,"(7,10)",,,,,,,,,,,,,,,,,,,,,,,,,,,,,,,,,,,,,,,,,,2020,,
https://doi.org/10.4102/safp.v62i1.5116,LUJV,Lujo HF,,,"(9,13)",,,0.8,,,,,,,,,,,,,,,,,,,,,,,,,,,,,,,,,,,,,,,,,
https://doi.org/10.1016/j.jhin.2012.10.013,CCHFV,Crimean-Congo HF,,,"(1,3)(after tick bite); (5,6)(after contact with viraemic host)",,,0.05 - 0.3,,,,,,,,,,,,,,,,,,,,,,,,,,,,,,,Crimea,1944,,,Ticks,,,,,,
https://doi.org/10.1016/j.jhin.2012.10.013,LASV,Lassa HF,Nigeria,1989,"(5, 21)",,34,0.65,,,,,,,,,0.8,,,,,,,,0.55,,,,,,,,,,,,,,,,,,,,,,,,
https://doi.org/10.3855/jidc.9112,PRV,,,,7,,,,,,,,,,,,,,,,,,,,,,,,,,,,,,,,,,,1970,,,,Bats (pteropus spp.),,,2017,Previously known as Nelson Bay Orthoreovirus (NBV),
https://doi.org/10.3855/jidc.9112,MELV,Melaka virus,,,7,,,,,,,,,,,,,,,,,,,,,,,,,,,,,,,,,,,,,,,,,,,,
https://doi.org/10.4102/safp.v62i1.5116,CCHFV,Crimean-Congo HF,,,"(1,12)",,,0.3-0.5,,,,,,,,,,,,,,,,,,,,,,,,,,,,,,,,,,,Ticks (Hyalomma),,,,,,
https://doi.org/10.4102/safp.v62i1.5116,RVFV,Rift Valley Fever,,,"(2,6)",,,,,,,,,,,,,,,,,,,,,,,,,,,,,,,,,,,,,,Mosquitos,,,,,,
https://doi.org/10.1007/BF01250608,JUNV,Argentine HF,,,,,,,,,,,,,,,,,,,,,,,,,,,,,,,,,,,,,,,1958,,,,,,,,
https://doi.org/10.1016/j.antiviral.2009.07.001,JUNV,Argentine HF,,,,,,,,,,,,,,,,,,,,,,,,0.1-0.2,,,,,,,,,,,,,,,,,,,,,,,
https://doi.org/10.1016/S0020-2452(98)80004-3,JUNV,Argentine HF,,,"(6,14)",,,"<0.5 (initially), <0.3 (with treatment)",,,,,,,,,,,,,,,,,,,,,,,,,,,,,,,Argentina,1958,,,,C. musculinus,,,,,
https://www.researchgate.net/publication/327396429_Machupo_guanarito_sabia_and_chapare_viruses,GTOV,Venezuelan HF,,,,,,,,,,,,,,,,,,,,,,,,15-29,,,,,,,,,,,,,Venezuela,1983,,,,Zygodontomys brevicauda,,,,,
https://www.researchgate.net/publication/327396429_Machupo_guanarito_sabia_and_chapare_viruses,SABV,Brazilian HF,,,,,,,,,,,,,,,,,,,,,,,,15-29,,14,,,,,,,,,,,Brazil,1990,,,,,,,,,
https://www.researchgate.net/publication/327396429_Machupo_guanarito_sabia_and_chapare_viruses,CHAPV,Bolivian HF,,,,,,,,,,,,,,,,,,,,,,,,15-29,,,,,,,,,,,,,Bolivia,2003,,,,,,,,,
https://www.researchgate.net/publication/327396429_Machupo_guanarito_sabia_and_chapare_viruses,MACV,Bolivian HF,,,"(7,14)",,,,,,,,,,,,,,,,,,,,,15-29,,,,,,,,,,,,,Bolivia,1963,,,,Calomys callosus,,,,,
https://www.researchgate.net/publication/327396429_Machupo_guanarito_sabia_and_chapare_viruses,JUNV,Argentine HF,,,,,,,,,,,,,,,,,,,,,,,,15-29,,,,,,,,,,,,,Argentina,1958,,,,Calomys musculinus,,,,,
https://www.researchgate.net/publication/327396429_Machupo_guanarito_sabia_and_chapare_viruses,TCRV,HF,,,,,,,,,,,,,,,,,,,,,,,,15-29,,,,,,,,,,,,,Trinidad,1956,,,,Artibeus spp.,,,,,
https://www.researchgate.net/publication/327396429_Machupo_guanarito_sabia_and_chapare_viruses,FLEXV,HF,,,,,,,,,,,,,,,,,,,,,,,,,,,,,,,,,,,,,Brazil,,,,,Oryzomys capito,,,,,
https://dx.doi.org/10.3201/eid1509.090017, ,Bolivian HF,"Beni, Bolivia","(february 2007, march 2007)",,3,20,,,,,,,,,,,,,,,,,,,,,,,,,,,,,,,,,,,,,,,,,,
https://dx.doi.org/10.3201/eid1509.090017, ,Bolivian HF, Bolivia,February 2008,,12,200,,,,,,,,,,,,,,,,,,,,,,,,,,,,,,,,,,,,,,,,,,
https://doi.org/10.1016/S1473-3099(12)70158-5,HeV,Hendra Virus,Australia,"(August 1994, September 2011)","(5, 21)",4,7,,,,,,,,,,,,,,,,,,,,,,,,,,,,,,,,"Queensland, Australia",1994,,3,pteropid bats,"(Pteropus conspicillatus, Pteropus scapulatus, Pteropus alecto, Pteropus poliocephalus)",,,2012,,
https://doi.org/10.3390/v4101878,MVD,Marburg Virus Disease,Worldwide,"(1967, 2012)","(3, 21)",368,452,0.814,,,,,,,,,,,,,,,,,,,,"(8, 16)",,,,,,,,,,,"Marburg, Germany",August 1967,,,,,,,,,
https://doi.org/10.1016/S1473-3099(09)70069-6,,Adenovirus,,,"5.6 (4.8, 6.3) 95% CI",,,,,,,,,,,,,,,,,,,,,,,,,,,,,,,,,,,,,,,,,,2009,,
https://doi.org/10.1016/S1473-3099(09)70069-6,,Coronavirus,,,"3.2 (2.8, 3.7) 95% CI",,,,,,,,,,,,,,,,,,,,,,,,,,,,,,,,,,,,,,,,,,2009,,
https://doi.org/10.1016/S1473-3099(09)70069-6,,SARS,,,"4.0 (3.6, 4.4) 95% CI",,,,,,,,,,,,,,,,,,,,,,,,,,,,,,,,,,,,,,,,,,2009,,
https://doi.org/10.1016/S1473-3099(09)70069-6,,Influenza A,,"(1891, 2006)","1.4 (1.3, 1.5) 95% CI",,66,,,,,,,,,,,,,,,,,,,,,,,,,,,,,,,,,,,,,,,,2009,,
https://doi.org/10.1016/S1473-3099(09)70069-6,,Influenza B,,"(1891, 2006)","0.6 (0.5, 0.6) 95% CI",,78,,,,,,,,,,,,,,,,,,,,,,,,,,,,,,,,,,,,,,,,2009,,
https://doi.org/10.1016/S1473-3099(09)70069-6,,Measles,,,"12.5 (11.8, 13.3) 95% CI, (8, 14)",,,,,,,,,,,,,,,,,,,,,,,,,,,,,,,,,,,,,,,,,,2009,,
https://doi.org/10.1016/S1473-3099(09)70069-6,,Parainfluenza,,,"2.6 (2.1, 3.1) 95% CI",,,,,,,,,,,,,,,,,,,,,,,,,,,,,,,,,,,,,,,,,,2009,,
https://doi.org/10.1016/S1473-3099(09)70069-6,RSV,Respiratory syncytial virus,,,"4.4 (3.9, 4.9) 95% CI",,,,,,,,,,,,,,,,,,,,,,,,,,,,,,,,,,,,,,,,,,2009,,
https://doi.org/10.1016/S1473-3099(09)70069-6,,Rhinovirus,,,"1.9 (1.4, 2.4) 95% CI",,28,,,,,,,,,,,,,,,,,,,,,,,,,,,,,,,,,,,,,,,,2009,,
https://doi.org/10.1016/S1473-3099(09)70069-6,,Metapneumovirus,,,"(4,6)",,,,,,,,,,,,,,,,,,,,,,,,,,,,,,,,,,,,,,,,,,,,
https://doi.org/10.7554/eLife.19874,ZIKV,Zika Virus,"Yap, Federated States of Micronesia",2007,,,,,"3.2 (2.4, 4.1) 95% CI",,,5.2 (4.1–6.7),,,,,,,,,,,,,,,,,,,,,,,,,,,,,,,Aedes,,,,2016,,
https://doi.org/10.7554/eLife.19874,ZIKV,Zika Virus,"Moorea, French Polynesia","(2013, 2014)",,,,,2.6 (2.2–3.3),,,5.2 (4.1–6.8),,,,,,,,,,,,,,,,,,,,,,,,,,,,,,,,,,,2016,,
https://doi.org/10.7554/eLife.19874,ZIKV,Zika Virus,"Tahiti, French Polynesia","(2013, 2014)",,,,,2.4 (2.0–3.2),,,5.2 (4.1–6.7),,,,,,,,,,,,,,,,,,,,,,,,,,,,,,,,,,,2016,,
https://doi.org/10.7554/eLife.19874,ZIKV,Zika Virus,New Caledonia,2014,,,,,2.0 (1.8–2.2),,,5.5 (4.2–6.8),,,,,,,,,,,,,,,,,,,,,,,,,,,,,,,,,,,2016,,
https://doi.org/10.1016/j.tmaid.2016.03.016,ZIKV,Zika Virus,Colombia,"(2015, 2016)",,,55000,,"(3.0, 6.6)",,,,,,,,,,,,,,,,,,,,,,,,,,,,,,,,,,,,,,2016,,
http://dx.doi.org/10.2471/BLT.16.171009,ZIKV,Zika Virus,"Zacapa, Guatemala",,"(3, 12)",,,,,"15, (10, 23)",,,,,,,,,,,,,,,,,,,,,,,,,,,,,,,,,,,,,2016,,
http://dx.doi.org/10.2471/BLT.16.171009,ZIKV,Zika Virus,Martinique,,"(3, 12)",,,,,"16, (10, 23)",,,,,,,,,,,,,,,,,,,,,,,,,,,,,,,,,Aedes,,,,2016,,
https://doi.org/10.1016/j.prevetmed.2012.11.004,BTV-8,Bluetongue Virus 8,Netherlands,"(2006, 2007)",,,,,"2.3 median, (1.8, 11) 5-95th Percentile",,,,,,,,,,,,,,,,,,25,,,,,,,,,,,,,,,,Culicoides,,,,2013,In cows,
https://doi.org/10.1016/j.virol.2012.10.006,VZV,Varicella Zoster Virus,,,14,,,,,,,,,,,,,,,,,,,,,,,,,,,,,,,,,,,,,,,,,,,,
https://doi.org/10.1080/14760584.2017.1294069,VZV,Varicella Zoster Virus,,,,6,60,0.1,,,,,,,,,,,,,,,,,,,,,,,,,,,,,,,,,,,,,,,,,
https://doi.org/10.1084/jem.20040634,VZV,Varicella Zoster Virus,,,"(10, 21)",,,,,,,,,,,,,,,,,,,,,,,,,,,,,,,,,,,,,,,,,,2004,,
https://doi.org/10.1016/j.jinf.2019.11.008,GBS,Group B Streptococcal disease,,,,,,,,"9 (0, 50), (3, 17) IQR",,,,,,,,,,,,,,,,,,,,,,,,,,,,,,,,,,,,,,,
https://doi.org/10.1017/S095026881700303X,,Q Fever,,,"18, (7, 32) 95% CI",,,,,,,,,,,,,,,,,,,,,,,,,,,,,,,,,,,1937,,,,,,,2018,,
https://doi.org/10.7326/0003-4819-74-2-198,,Q Fever,,,"8.5, (8, 9)",,,,,,,,,,,,,,,,,,,,,,,,,,,,,,,,,,,,,,,,,,,,No
https://doi.org/10.1016/S0924-8579(96)00369-X,,Q Fever,,,"(10, 16)",,,,,,,,,,,,,,,,,,,,,,,,,,,,,,,,,,,,,,,,,,1996,,
https://iris.paho.org/handle/10665.2/7970,DSS,Dengue Shock Syndrome,"Zulia, Venezuela","(1997, 2003)",,,6,3606,0.2,,,,,,,,,,,,,,,,,,,,,,,,,,,,,,,,,,,,,,2006,,
https://iris.paho.org/handle/10665.2/7970,DENV,Dengue,"Zulia, Venezuela","(1997, 2003)",,,,33857,,,,,,,,,,,,,,,,,,,,,,,,,,,,,,,,,,,,,,,2006,,
https://doi.org/10.1016/S0140-6736(18)32560-1,DENV,Dengue,,"(2000, 2013)","(4,7)",,,,,,,,,,,,,,,,,,,,,,"(3, 7)",,,,,,,,,,,,,,,,Aedes,,,,2019,,
https://doi.org/10.1098/rsta.2010.0278,DENV,Dengue,"Salvador, Brazil",2002,,,,,"2.65, (2.50, 3.30)",,,,,,,,,,,,,,,,,,,,,,,,,,,,,,,,,,Aedes aegypti,,,,2010,,
https://doi.org/10.1098/rsta.2010.0278,DENV,Dengue,"Salvador, Brazil; Bahia, Brazil","(1995, 1996)",,,,,"2.85 (2.77, 3.70)",,,,,,,,,,,,,,,,,,,,,,,,,,,,,,,,,,Aedes aegypti,,,,2010,,
https://doi.org/10.1016/s0035-9203(01)90184-1,DENV,Dengue,"Araçatuba, Brazil",,,,,,,,,,,,,,,,,,,,,,,,,,,,,,,,,,,,,,,,Aedes aegypti,,,,2001,,
https://doi.org/10.1016/s0035-9203(01)90184-1,DENV,Dengue,"Marília, Brazil",,,,,,,,,,,,,,,,,,,,,,,,,,,,,,,,,,,,,,,,Aedes aegypti,,,,2001,,
https://doi.org/10.1016/s0035-9203(01)90184-1,DENV,Dengue,"Ribeirão Preto, Brazil",,,,,,,,,,,,,,,,,,,,,,,,,,,,,,,,,,,,,,,,Aedes aegypti,,,,2001,,
https://doi.org/10.1111/j.1365-3156.2006.01560.x,DENV,Dengue,Brazil,,"(1, 11)",,,,,,,,,,,,,,,,,,,,,,,,,,,,,,,,,,,,,,Aedes aegypti,,,,2006,,
https://doi.org/10.1371/journal.pntd.0007878,CHIKV,Chikungunya,Colombia,"(2014, 2016)",3,,,,"(1.11, 9.53)","(7, 14)",,,,,,,,,,,,,,,,,,,,,,,,,,,,,,,,,"(Aedes aegypti, Ae. albopictus)",,,,2019,,